{
"type": "FeatureCollection",
"name": "refugios_sustitutos",
"crs": { "type": "name", "properties": { "name": "urn:ogc:def:crs:OGC:1.3:CRS84" } },
"features": [
{ "type": "Feature", "properties": { "title": "Biblioteca Pública Antonio Mingote (Latina)", "link_href": "http://www.madrid.es/sites/v/index.jsp?vgnextchannel=bfa48ab43d6bb410VgnVCM100000171f5a0aRCRD&vgnextoid=c73e995a8bf5d010VgnVCM2000000c205a0aRCRD", "link_type": "text/html", "link_rel": "alternate", "id": 25526, "content": "<p>Lectura fácil, letra grande, audiodescripción. Centros de Interés: Rumano y Árabe.</p><p><a target=\"_blank\" href=\"http://www.madrid.es/sites/v/index.jsp?vgnextchannel=bfa48ab43d6bb410VgnVCM100000171f5a0aRCRD&vgnextoid=c73e995a8bf5d010VgnVCM2000000c205a0aRCRD\" >www.madrid.es</a></p>", "content_type": "html", "category_scheme": "$", "category_term": "https://datos.madrid.es/egob/kos/entidadesYorganismos/BibliotecasPublicas", "tipo_refugio": "biblioteca" }, "geometry": { "type": "Point", "coordinates": [ -3.769438997200242, 40.379441791599469 ] } },
{ "type": "Feature", "properties": { "title": "Biblioteca Pública Elena Fortún (Retiro)", "link_href": "http://www.madrid.es/sites/v/index.jsp?vgnextchannel=bfa48ab43d6bb410VgnVCM100000171f5a0aRCRD&vgnextoid=44213d0b5e71c010VgnVCM1000000b205a0aRCRD", "link_type": "text/html", "link_rel": "alternate", "id": 1774, "content": "<p>Lectura fácil, letra grande, audiodescripción.</p><p><a target=\"_blank\" href=\"http://www.madrid.es/sites/v/index.jsp?vgnextchannel=bfa48ab43d6bb410VgnVCM100000171f5a0aRCRD&vgnextoid=44213d0b5e71c010VgnVCM1000000b205a0aRCRD\" >www.madrid.es</a></p>", "content_type": "html", "category_scheme": "$", "category_term": "https://datos.madrid.es/egob/kos/entidadesYorganismos/BibliotecasPublicas", "tipo_refugio": "biblioteca" }, "geometry": { "type": "Point", "coordinates": [ -3.672408607695715, 40.403577814444176 ] } },
{ "type": "Feature", "properties": { "title": "Biblioteca Pública Hortaleza", "link_href": "http://www.madrid.es/sites/v/index.jsp?vgnextchannel=bfa48ab43d6bb410VgnVCM100000171f5a0aRCRD&vgnextoid=e42e995a8bf5d010VgnVCM2000000c205a0aRCRD", "link_type": "text/html", "link_rel": "alternate", "id": 1770, "content": "<p><a target=\"_blank\" href=\"http://www.madrid.es/sites/v/index.jsp?vgnextchannel=bfa48ab43d6bb410VgnVCM100000171f5a0aRCRD&vgnextoid=e42e995a8bf5d010VgnVCM2000000c205a0aRCRD\" >www.madrid.es</a></p>", "content_type": "html", "category_scheme": "$", "category_term": "https://datos.madrid.es/egob/kos/entidadesYorganismos/BibliotecasPublicas", "tipo_refugio": "biblioteca" }, "geometry": { "type": "Point", "coordinates": [ -3.649619612889583, 40.477192797798153 ] } },
{ "type": "Feature", "properties": { "title": "Biblioteca Pública Javier Marías (Moratalaz)", "link_href": "http://www.madrid.es/sites/v/index.jsp?vgnextchannel=bfa48ab43d6bb410VgnVCM100000171f5a0aRCRD&vgnextoid=457e995a8bf5d010VgnVCM2000000c205a0aRCRD", "link_type": "text/html", "link_rel": "alternate", "id": 1773, "content": "<p>Lectura fácil, letra grande, audiodescripción.</p><p><a target=\"_blank\" href=\"http://www.madrid.es/sites/v/index.jsp?vgnextchannel=bfa48ab43d6bb410VgnVCM100000171f5a0aRCRD&vgnextoid=457e995a8bf5d010VgnVCM2000000c205a0aRCRD\" >www.madrid.es</a></p>", "content_type": "html", "category_scheme": "$", "category_term": "https://datos.madrid.es/egob/kos/entidadesYorganismos/BibliotecasPublicas", "tipo_refugio": "biblioteca" }, "geometry": { "type": "Point", "coordinates": [ -3.649438485660758, 40.403992358842835 ] } },
{ "type": "Feature", "properties": { "title": "Biblioteca Pública José Acuña (Moncloa - Aravaca)", "link_href": "http://www.madrid.es/sites/v/index.jsp?vgnextchannel=bfa48ab43d6bb410VgnVCM100000171f5a0aRCRD&vgnextoid=e9ad995a8bf5d010VgnVCM2000000c205a0aRCRD", "link_type": "text/html", "link_rel": "alternate", "id": 1771, "content": "<p><a target=\"_blank\" href=\"http://www.madrid.es/sites/v/index.jsp?vgnextchannel=bfa48ab43d6bb410VgnVCM100000171f5a0aRCRD&vgnextoid=e9ad995a8bf5d010VgnVCM2000000c205a0aRCRD\" >www.madrid.es</a></p>", "content_type": "html", "category_scheme": "$", "category_term": "https://datos.madrid.es/egob/kos/entidadesYorganismos/BibliotecasPublicas", "tipo_refugio": "biblioteca" }, "geometry": { "type": "Point", "coordinates": [ -3.716950806640097, 40.427947044751001 ] } },
{ "type": "Feature", "properties": { "title": "Biblioteca Pública José Hierro (Usera)", "link_href": "http://www.madrid.es/sites/v/index.jsp?vgnextchannel=bfa48ab43d6bb410VgnVCM100000171f5a0aRCRD&vgnextoid=943979262ef5d010VgnVCM1000000b205a0aRCRD", "link_type": "text/html", "link_rel": "alternate", "id": 123303, "content": "<p>Lectura fácil, audiodescripción, letra grande. Centro de Interés Chino.</p><p><a target=\"_blank\" href=\"http://www.madrid.es/sites/v/index.jsp?vgnextchannel=bfa48ab43d6bb410VgnVCM100000171f5a0aRCRD&vgnextoid=943979262ef5d010VgnVCM1000000b205a0aRCRD\" >www.madrid.es</a></p>", "content_type": "html", "category_scheme": "$", "category_term": "https://datos.madrid.es/egob/kos/entidadesYorganismos/BibliotecasPublicas", "tipo_refugio": "biblioteca" }, "geometry": { "type": "Point", "coordinates": [ -3.710615711147061, 40.38188230129181 ] } },
{ "type": "Feature", "properties": { "title": "Biblioteca Pública José Luis Sampedro (Chamberí)", "link_href": "http://www.madrid.es/sites/v/index.jsp?vgnextchannel=bfa48ab43d6bb410VgnVCM100000171f5a0aRCRD&vgnextoid=5a2279262ef5d010VgnVCM1000000b205a0aRCRD", "link_type": "text/html", "link_rel": "alternate", "id": 1764, "content": "<p>Lectura fácil, letra grande, audiodescripción. Centro de Interés Búlgaro.</p><p><a target=\"_blank\" href=\"http://www.madrid.es/sites/v/index.jsp?vgnextchannel=bfa48ab43d6bb410VgnVCM100000171f5a0aRCRD&vgnextoid=5a2279262ef5d010VgnVCM1000000b205a0aRCRD\" >www.madrid.es</a></p>", "content_type": "html", "category_scheme": "$", "category_term": "https://datos.madrid.es/egob/kos/entidadesYorganismos/BibliotecasPublicas", "tipo_refugio": "biblioteca" }, "geometry": { "type": "Point", "coordinates": [ -3.69966592825407, 40.435399621146054 ] } },
{ "type": "Feature", "properties": { "title": "Biblioteca Pública Luis Martín Santos (Villa de Vallecas)", "link_href": "http://www.madrid.es/sites/v/index.jsp?vgnextchannel=bfa48ab43d6bb410VgnVCM100000171f5a0aRCRD&vgnextoid=09ac38d60b41c010VgnVCM2000000c205a0aRCRD", "link_type": "text/html", "link_rel": "alternate", "id": 181101, "content": "<p>Lectura fácil, letra grande, audiodescripción.</p><p><a target=\"_blank\" href=\"http://www.madrid.es/sites/v/index.jsp?vgnextchannel=bfa48ab43d6bb410VgnVCM100000171f5a0aRCRD&vgnextoid=09ac38d60b41c010VgnVCM2000000c205a0aRCRD\" >www.madrid.es</a></p>", "content_type": "html", "category_scheme": "$", "category_term": "https://datos.madrid.es/egob/kos/entidadesYorganismos/BibliotecasPublicas", "tipo_refugio": "biblioteca" }, "geometry": { "type": "Point", "coordinates": [ -3.613672504566242, 40.380920437318359 ] } },
{ "type": "Feature", "properties": { "title": "Biblioteca Pública Luis Rosales (Carabanchel)", "link_href": "http://www.madrid.es/sites/v/index.jsp?vgnextchannel=bfa48ab43d6bb410VgnVCM100000171f5a0aRCRD&vgnextoid=7a73f884ad3f9210VgnVCM1000000b205a0aRCRD", "link_type": "text/html", "link_rel": "alternate", "id": 5765642, "content": "<p>Lectura fácil, audiodescripción, letra grande, braille.</p><p><a target=\"_blank\" href=\"http://www.madrid.es/sites/v/index.jsp?vgnextchannel=bfa48ab43d6bb410VgnVCM100000171f5a0aRCRD&vgnextoid=7a73f884ad3f9210VgnVCM1000000b205a0aRCRD\" >www.madrid.es</a></p>", "content_type": "html", "category_scheme": "$", "category_term": "https://datos.madrid.es/egob/kos/entidadesYorganismos/BibliotecasPublicas", "tipo_refugio": "biblioteca" }, "geometry": { "type": "Point", "coordinates": [ -3.748070733105437, 40.373425545455383 ] } },
{ "type": "Feature", "properties": { "title": "Biblioteca Pública María Moliner (Villaverde)", "link_href": "http://www.madrid.es/sites/v/index.jsp?vgnextchannel=bfa48ab43d6bb410VgnVCM100000171f5a0aRCRD&vgnextoid=127979262ef5d010VgnVCM1000000b205a0aRCRD", "link_type": "text/html", "link_rel": "alternate", "id": 86719, "content": "<p>Lectura fácil, audiodescripción, letra grande.</p><p><a target=\"_blank\" href=\"http://www.madrid.es/sites/v/index.jsp?vgnextchannel=bfa48ab43d6bb410VgnVCM100000171f5a0aRCRD&vgnextoid=127979262ef5d010VgnVCM1000000b205a0aRCRD\" >www.madrid.es</a></p>", "content_type": "html", "category_scheme": "$", "category_term": "https://datos.madrid.es/egob/kos/entidadesYorganismos/BibliotecasPublicas", "tipo_refugio": "biblioteca" }, "geometry": { "type": "Point", "coordinates": [ -3.71011594649041, 40.349524885927543 ] } },
{ "type": "Feature", "properties": { "title": "Biblioteca Pública Miguel Hernández (Puente de Vallecas)", "link_href": "http://www.madrid.es/sites/v/index.jsp?vgnextchannel=bfa48ab43d6bb410VgnVCM100000171f5a0aRCRD&vgnextoid=535979262ef5d010VgnVCM1000000b205a0aRCRD", "link_type": "text/html", "link_rel": "alternate", "id": 1800, "content": "<p>Lectura fácil, letra grande, audiodescripción. Centro de Interés Cultural Polaco.</p><p><a target=\"_blank\" href=\"http://www.madrid.es/sites/v/index.jsp?vgnextchannel=bfa48ab43d6bb410VgnVCM100000171f5a0aRCRD&vgnextoid=535979262ef5d010VgnVCM1000000b205a0aRCRD\" >www.madrid.es</a></p>", "content_type": "html", "category_scheme": "$", "category_term": "https://datos.madrid.es/egob/kos/entidadesYorganismos/BibliotecasPublicas", "tipo_refugio": "biblioteca" }, "geometry": { "type": "Point", "coordinates": [ -3.642917675006409, 40.384497442321383 ] } },
{ "type": "Feature", "properties": { "title": "Biblioteca Pública Municipal Aluche (Latina)", "link_href": "http://www.madrid.es/sites/v/index.jsp?vgnextchannel=bfa48ab43d6bb410VgnVCM100000171f5a0aRCRD&vgnextoid=7f0e3d0b5e71c010VgnVCM1000000b205a0aRCRD", "link_type": "text/html", "link_rel": "alternate", "id": 1757, "content": "<p>La Biblioteca Pública de Aluche se inauguró el 22 de junio de 1992 con la asistencia del entonces alcalde Don José María Alvarez del Manzano. Se sitúa en la primera planta del Centro Cultural Fernando de los Ríos, diseñado por el arquitecto José María Guijarro. Desde 1986 y hasta la fecha de su inauguración oficial, se encontraba situada en este mismo centro cultural y planta pero en el ala derecha del edificio y con la mitad de superficie. La ubicación de la biblioteca en el centro cultural en la década de los 80  se decidió porque éste era considerado un elemento aglutinador de la vida asociativa y cultural de los distritos.    Página en Facebook     Canal de WhatsApp<p>Superficie: 712 metros cuadrados  Puestos de lectura: 130  Puestos de Internet: 18</p><p><a target=\"_blank\" href=\"http://www.madrid.es/sites/v/index.jsp?vgnextchannel=bfa48ab43d6bb410VgnVCM100000171f5a0aRCRD&vgnextoid=7f0e3d0b5e71c010VgnVCM1000000b205a0aRCRD\" >www.madrid.es</a></p>", "content_type": "html", "category_scheme": "$", "category_term": "https://datos.madrid.es/egob/kos/entidadesYorganismos/BibliotecasPublicas", "tipo_refugio": "biblioteca" }, "geometry": { "type": "Point", "coordinates": [ -3.756271685298785, 40.395970723679312 ] } },
{ "type": "Feature", "properties": { "title": "Biblioteca Pública Municipal Ana María Matute (Carabanchel)", "link_href": "http://www.madrid.es/sites/v/index.jsp?vgnextchannel=bfa48ab43d6bb410VgnVCM100000171f5a0aRCRD&vgnextoid=628e3d0b5e71c010VgnVCM1000000b205a0aRCRD", "link_type": "text/html", "link_rel": "alternate", "id": 1755, "content": "<p>La Biblioteca Pública Municipal Ana María Matute sustituyó a la antigua Biblioteca Pública Municipal de Carabanchel. La Biblioteca de Carabanchel, sita en la calle de los Hermanos del Moral 15, fue inaugurada el 12 de diciembre de 1981 por el entonces alcalde, Enrique Tierno Galván, contaba con unos 250 m&sup2;. Despues de 32 años de servicio, se traslada a su actual emplazamiento bajo el nombre actual. El proyecto arquitectónico fue encargado al estudio RSP. A la inauguración, el 28 de enero de 2013, asistieron la escritora Ana María Matute y la alcaldesa Ana María Botella.    Página en Facebook     Canal de WhatsApp<p>Superficie: 3.369 metros cuadrados.  Puestos de lectura: 230  Puestos de Internet: 40   Puestos de la sala polivalente: 74  Puestos de las 2 salas de trabajo en grupo: 12 personas en total.</p><p><a target=\"_blank\" href=\"http://www.madrid.es/sites/v/index.jsp?vgnextchannel=bfa48ab43d6bb410VgnVCM100000171f5a0aRCRD&vgnextoid=628e3d0b5e71c010VgnVCM1000000b205a0aRCRD\" >www.madrid.es</a></p>", "content_type": "html", "category_scheme": "$", "category_term": "https://datos.madrid.es/egob/kos/entidadesYorganismos/BibliotecasPublicas", "tipo_refugio": "biblioteca" }, "geometry": { "type": "Point", "coordinates": [ -3.720088245008897, 40.39786734087938 ] } },
{ "type": "Feature", "properties": { "title": "Biblioteca Pública Municipal Benito Pérez Galdós (Centro)", "link_href": "http://www.madrid.es/sites/v/index.jsp?vgnextchannel=bfa48ab43d6bb410VgnVCM100000171f5a0aRCRD&vgnextoid=13ec3d0b5e71c010VgnVCM1000000b205a0aRCRD", "link_type": "text/html", "link_rel": "alternate", "id": 1882, "content": "<p>La Biblioteca Pública Conde Duque se inaugura en los años 90, cuando se traslada a este edificio la Biblioteca Municipal situada en el actual emplazamiento del Museo de Historia de Madrid, en la calle Fuencarral, separándose la Biblioteca Pública de la Biblioteca Histórica, que habían estado juntas hasta entonces. El Cuartel de Conde Duque se reformó en 2011, obra llevada a cabo por el arquitecto Carlos de Riaño, inaugurándose de nuevo la biblioteca al año siguiente, en un primer momento fusionada con la Biblioteca Musical Víctor Espinós, de la que posteriormente se separaría. Con la reforma ganó en amplitud y homogeneidad con el resto de la red, ya que anteriormente no contaba con sala infantil ni multimedia. En 2019 recibe el nombre de Benito Pérez Galdós conmemorando el centenario del fallecimiento del escritor.    Página en Facebook     Canal de WhatsApp<p>Superficie: 5.870 metros cuadrados  Puestos de lectura: 118  Puestos de Internet: 26</p><p><a target=\"_blank\" href=\"http://www.madrid.es/sites/v/index.jsp?vgnextchannel=bfa48ab43d6bb410VgnVCM100000171f5a0aRCRD&vgnextoid=13ec3d0b5e71c010VgnVCM1000000b205a0aRCRD\" >www.madrid.es</a></p>", "content_type": "html", "category_scheme": "$", "category_term": "https://datos.madrid.es/egob/kos/entidadesYorganismos/BibliotecasPublicas", "tipo_refugio": "biblioteca" }, "geometry": { "type": "Point", "coordinates": [ -3.710599995547363, 40.427386683004741 ] } },
{ "type": "Feature", "properties": { "title": "Biblioteca Pública Municipal Canillejas (San Blas-Canillejas)", "link_href": "http://www.madrid.es/sites/v/index.jsp?vgnextchannel=bfa48ab43d6bb410VgnVCM100000171f5a0aRCRD&vgnextoid=eb9e995a8bf5d010VgnVCM2000000c205a0aRCRD", "link_type": "text/html", "link_rel": "alternate", "id": 1745, "content": "<p>La Biblioteca Pública Municipal de Canillejas se inauguró el 4 de agosto de 1981 en la tercera planta del edificio que entonces ocupaba la Junta Municipal del Distrito de San Blas, en la calle Torre Arias. Ocho años después se trasladó al edificio que ocupa hoy, en la calle Boltaña, justo enfrente de su ubicación anterior y en pleno núcleo comercial del barrio de Canillejas. Su reapertura al público, en las nuevas instalaciones, se produjo el 15 de marzo de 1989, compartiendo edificio con el Centro Cultural Buero Vallejo.    Página en Facebook     Canal de WhatsApp<p>Superficie: 466 metros cuadrados  Puestos de lectura: 98  Puestos de Internet: 6 Puestos de la  sala polivalente : 22</p><p><a target=\"_blank\" href=\"http://www.madrid.es/sites/v/index.jsp?vgnextchannel=bfa48ab43d6bb410VgnVCM100000171f5a0aRCRD&vgnextoid=eb9e995a8bf5d010VgnVCM2000000c205a0aRCRD\" >www.madrid.es</a></p>", "content_type": "html", "category_scheme": "$", "category_term": "https://datos.madrid.es/egob/kos/entidadesYorganismos/BibliotecasPublicas", "tipo_refugio": "biblioteca" }, "geometry": { "type": "Point", "coordinates": [ -3.61179332042711, 40.446402291882812 ] } },
{ "type": "Feature", "properties": { "title": "Biblioteca Pública Municipal Ciudad Lineal (Ciudad Lineal)", "link_href": "http://www.madrid.es/sites/v/index.jsp?vgnextchannel=bfa48ab43d6bb410VgnVCM100000171f5a0aRCRD&vgnextoid=82ce995a8bf5d010VgnVCM2000000c205a0aRCRD", "link_type": "text/html", "link_rel": "alternate", "id": 1794, "content": "<p>La Biblioteca de Ciudad Lineal se inauguró el 22 de marzo de 1993 asistiendo al acto el Alcalde, José María Álvarez del Manzano, y la entonces Concejal de Cultura, Esperanza Aguirre. Se encuentra dentro del Centro Cultural Príncipe de Asturias, en la primera planta. Su construcción se realizó para dar servicio a la zona y sustituir a la anterior biblioteca que había en los locales de un edificio de viviendas. Desde entonces ha sido ampliada tan solo una vez, en 50 m&sup2;, en el año 2004, afectando esta obra a su distribución interna.</p><p>Superficie: 483 metros cuadrados  Puestos de lectura: 114  Puestos de Internet: 10</p><p><a target=\"_blank\" href=\"http://www.madrid.es/sites/v/index.jsp?vgnextchannel=bfa48ab43d6bb410VgnVCM100000171f5a0aRCRD&vgnextoid=82ce995a8bf5d010VgnVCM2000000c205a0aRCRD\" >www.madrid.es</a></p>", "content_type": "html", "category_scheme": "$", "category_term": "https://datos.madrid.es/egob/kos/entidadesYorganismos/BibliotecasPublicas", "tipo_refugio": "biblioteca" }, "geometry": { "type": "Point", "coordinates": [ -3.637292426115003, 40.436446510570917 ] } },
{ "type": "Feature", "properties": { "title": "Biblioteca Pública Municipal David Gistau (Salamanca)", "link_href": "http://www.madrid.es/sites/v/index.jsp?vgnextchannel=bfa48ab43d6bb410VgnVCM100000171f5a0aRCRD&vgnextoid=c53e3d0b5e71c010VgnVCM1000000b205a0aRCRD", "link_type": "text/html", "link_rel": "alternate", "id": 1762, "content": "<p>La Biblioteca Pública Municipal David Gistau se encuentra dentro del Centro Cultural de Buenavista. El edificio que la alberga fue construido durante la II República por el Ayuntamiento de Madrid para Casa de Baños, según proyecto de José Lorite y reformado por el arquitecto municipal Salvador Pérez Arroyo en 1982. El cambio de función e inauguración como Centro Cívico tuvo lugar el 30 de abril de 1983 y la Biblioteca abrió sus puertas el 12 marzo de 1984. La biblioteca ocupa uno de los pabellones que alojaron las piletas de las piscinas y sus vestuarios, en concreto, la zona del vaso destinada al baño de los hombres. En la actualidad esta estructura se observa en la sala de lectura y consulta. El 19 de octubre de 2020 la Biblioteca de Buenavista cambió su nombre por el del periodista y escritor David Gistau. En agosto de 2021 se acomete la reforma integral del edificio para adecuarlo a la normativa de accesibilidad y eficiencia energética, obras que terminan en septiembre de 2023.    Página de Facebook     Canal de WhatsApp<p>Superficie: 889 metros cuadrados.  Puestos de lectura: 64  Puestos de Internet: 12   Página en Facebook</p><p><a target=\"_blank\" href=\"http://www.madrid.es/sites/v/index.jsp?vgnextchannel=bfa48ab43d6bb410VgnVCM100000171f5a0aRCRD&vgnextoid=c53e3d0b5e71c010VgnVCM1000000b205a0aRCRD\" >www.madrid.es</a></p>", "content_type": "html", "category_scheme": "$", "category_term": "https://datos.madrid.es/egob/kos/entidadesYorganismos/BibliotecasPublicas", "tipo_refugio": "biblioteca" }, "geometry": { "type": "Point", "coordinates": [ -3.670929243543714, 40.431993097205137 ] } },
{ "type": "Feature", "properties": { "title": "Biblioteca Pública Municipal Dámaso Alonso (Chamartín)", "link_href": "http://www.madrid.es/sites/v/index.jsp?vgnextchannel=bfa48ab43d6bb410VgnVCM100000171f5a0aRCRD&vgnextoid=5870007f8441f010VgnVCM1000000b205a0aRCRD", "link_type": "text/html", "link_rel": "alternate", "id": 51188, "content": "<p>La biblioteca se abrió al público el 31 de mayo de 1999 denominándose Biblioteca Mateo Inurria, por estar situada en dicha calle. En 2008, por acuerdo plenario, pasó a llamarse Biblioteca Dámaso Alonso. Y es que este poeta vivió en el número 25 de la calle Alberto Alcocer, en una casita con huerta y jardín situada en su momento a las afueras de Madrid, en Chamartín de la Rosa. En cuanto a los orígenes de la biblioteca, en 1997 la sede del diario Ya se convierte en sede del Barclays Bank. A cambio, la entidad cede una parcela al Ayuntamiento para la construcción de una biblioteca, que entregó ya equipada. En 2008 se amplió el vestíbulo, se instaló un ascensor y se cerró una de las dos escaleras. En su lugar se colocó un lucernario para iluminar la sala de lectura.    Página en Facebook     Canal de WhatsApp<p>Superficie: 808 metros cuadrados.  Puestos de lectura: 129  Puestos de Internet: 8</p><p><a target=\"_blank\" href=\"http://www.madrid.es/sites/v/index.jsp?vgnextchannel=bfa48ab43d6bb410VgnVCM100000171f5a0aRCRD&vgnextoid=5870007f8441f010VgnVCM1000000b205a0aRCRD\" >www.madrid.es</a></p>", "content_type": "html", "category_scheme": "$", "category_term": "https://datos.madrid.es/egob/kos/entidadesYorganismos/BibliotecasPublicas", "tipo_refugio": "biblioteca" }, "geometry": { "type": "Point", "coordinates": [ -3.684611277444271, 40.467453379213175 ] } },
{ "type": "Feature", "properties": { "title": "Biblioteca Pública Municipal Eugenio Trías. Casa de Fieras de El Retiro (Retiro)", "link_href": "http://www.madrid.es/sites/v/index.jsp?vgnextchannel=bfa48ab43d6bb410VgnVCM100000171f5a0aRCRD&vgnextoid=e791bed05ceed310VgnVCM1000000b205a0aRCRD", "link_type": "text/html", "link_rel": "alternate", "id": 6893633, "content": "<p>La Biblioteca Pública Eugenio Trías-Casa de Fieras de El Retiro fue inaugurada el 29 de abril de 2013. El edificio que alberga la biblioteca fue originariamente parte de las instalaciones que la Casa de Fieras tenía en el Parque de El Retiro, construido en tiempos de Fernando VII. El proyecto para esta nueva biblioteca, promovido por la entonces Dirección General de Patrimonio Histórico, fue redactado por los arquitectos Jaime Nadal y Sebastián Araujo e incluye la rehabilitación de los dos grandes pabellones de la antigua Casa de Fieras, uno longitudinal de gran dimensión y otro transversal de menor tamaño así como la construcción de un pabellón de nueva planta imprescindible para cumplir con el  programa bibliotecario. La biblioteca tiene un sistema de gestión de accesibilidad universal conforme a la Norma UNE 170001-2:2007 certificada por AENOR. Puede consultarla en: Política de Accesibilidad Universal en la Biblioteca Eugenio Trías.  La apertura de la biblioteca se verá afectada por las posibles incidencias que se produzcan en el acceso a los Jardines de El Buen Retiro debidas a la aplicación del Protocolo de actuación en los jardines del Buen Retiro ante situaciones meteorológicas adversas. Esta información se proporcionará a través de pantallas, carteles y megafonía y la población general mediante la web municipal www.madrid.es, medios de comunicación y redes sociales.   Página en Facebook   Canal de WhatsApp<p>Superficie: 3.794 metros cuadrados.  Puestos de lectura: 185  Puestos de Internet: 39   Sala especializada en medio ambiente.  Puestos de la sala polivalente: 90  Puestos de las 3 salas de trabajo en grupo: 6-8 personas en cada una.   Página en Facebook</p><p><a target=\"_blank\" href=\"http://www.madrid.es/sites/v/index.jsp?vgnextchannel=bfa48ab43d6bb410VgnVCM100000171f5a0aRCRD&vgnextoid=e791bed05ceed310VgnVCM1000000b205a0aRCRD\" >www.madrid.es</a></p>", "content_type": "html", "category_scheme": "$", "category_term": "https://datos.madrid.es/egob/kos/entidadesYorganismos/BibliotecasPublicas", "tipo_refugio": "biblioteca" }, "geometry": { "type": "Point", "coordinates": [ -3.67959303680348, 40.416609108109903 ] } },
{ "type": "Feature", "properties": { "title": "Biblioteca Pública Municipal Francisco Ayala (Vicálvaro)", "link_href": "http://www.madrid.es/sites/v/index.jsp?vgnextchannel=bfa48ab43d6bb410VgnVCM100000171f5a0aRCRD&vgnextoid=f05279262ef5d010VgnVCM1000000b205a0aRCRD", "link_type": "text/html", "link_rel": "alternate", "id": 167128, "content": "<p>La Biblioteca Francisco Ayala está ubicada en el barrio de Valdebernardo, en el distrito de Vicálvaro. Se inauguró en marzo de 2005. El edificio de dos plantas está situado en el eje que vertebra el barrio, en la planta inferior se situan los servicios de acceso a Internet y préstamo de adultos. En la planta superior se encuentra la sala infantil, la sala de lectura y la sala de actividades.    Página en Facebook     Canal de WhatsApp<p>Superficie: 1.600 metros cuadrados.  Puestos de lectura: 205  Puestos de Internet: 11   Puestos de la sala polivalente   : 55</p><p><a target=\"_blank\" href=\"http://www.madrid.es/sites/v/index.jsp?vgnextchannel=bfa48ab43d6bb410VgnVCM100000171f5a0aRCRD&vgnextoid=f05279262ef5d010VgnVCM1000000b205a0aRCRD\" >www.madrid.es</a></p>", "content_type": "html", "category_scheme": "$", "category_term": "https://datos.madrid.es/egob/kos/entidadesYorganismos/BibliotecasPublicas", "tipo_refugio": "biblioteca" }, "geometry": { "type": "Point", "coordinates": [ -3.621281890570377, 40.39982891410407 ] } },
{ "type": "Feature", "properties": { "title": "Biblioteca Pública Municipal Francisco Ibáñez (Chamartín)", "link_href": "http://www.madrid.es/sites/v/index.jsp?vgnextchannel=bfa48ab43d6bb410VgnVCM100000171f5a0aRCRD&vgnextoid=0fce3d0b5e71c010VgnVCM1000000b205a0aRCRD", "link_type": "text/html", "link_rel": "alternate", "id": 1760, "content": "<p>La Biblioteca Pública Francisco Ibáñez se encuentra situada en el Centro Cultural Nicolás Salmerón (sito en la calle Mantuano, 51), en el barrio de Chamartín. Proviene de la antigua Biblioteca de Chamartín, que fue inaugurada en 1983. En el año 2015, después de una profunda remodelación, cambió su denominación por la actual de Francisco Ibáñez. La alcaldesa, Ana María Botella, inauguró el 24 de marzo de 2015 las nuevas instalaciones y se proyectó este vídeo del guionista y dibujante de cómic que le da nombre en agradecimiento.    Página en Facebook     Canal de WhatsApp<p>Superficie: 543 metros cuadrados.  Puestos de lectura: 108  Puestos de Internet: 20</p><p><a target=\"_blank\" href=\"http://www.madrid.es/sites/v/index.jsp?vgnextchannel=bfa48ab43d6bb410VgnVCM100000171f5a0aRCRD&vgnextoid=0fce3d0b5e71c010VgnVCM1000000b205a0aRCRD\" >www.madrid.es</a></p>", "content_type": "html", "category_scheme": "$", "category_term": "https://datos.madrid.es/egob/kos/entidadesYorganismos/BibliotecasPublicas", "tipo_refugio": "biblioteca" }, "geometry": { "type": "Point", "coordinates": [ -3.67623096200974, 40.448106361957159 ] } },
{ "type": "Feature", "properties": { "title": "Biblioteca Pública Municipal Francisco Umbral (Villaverde)", "link_href": "http://www.madrid.es/sites/v/index.jsp?vgnextchannel=bfa48ab43d6bb410VgnVCM100000171f5a0aRCRD&vgnextoid=b41595f0512c6910VgnVCM2000001f4a900aRCRD", "link_type": "text/html", "link_rel": "alternate", "id": 12773298, "content": "<p>La Biblioteca Francisco Umbral, situada en el barrio de Butarque, en el distrito de Villaverde, es un proyecto fruto del concurso organizado por el Ayuntamiento y el Colegio Oficial de Arquitectos de Madrid (COAM) en 2019, que fue fallado en julio de ese año y cuya propuesta ganadora fue la presentada por Miguel Ángel Díaz Camacho (MADC Arquitectura). El proyecto de obra se adjudicó el 5 de octubre de 2020. El alcalde José Luis Martínez Almeida inauguró la biblioteca en un acto celebrado el 20 de junio de 2025. Comparte edificio con el Centro Socio Cultural Marta Escudero Díaz-Tejeiro. La construcción de la biblioteca es un proyecto financiado por el Programa Operativo FEDER de la Comunidad de Madrid 2014-2020.       Canal de WhatsApp<p>Superficie: 930 metros cuadrados  Puestos de lectura: 76  Puestos de Internet: 18</p><p><a target=\"_blank\" href=\"http://www.madrid.es/sites/v/index.jsp?vgnextchannel=bfa48ab43d6bb410VgnVCM100000171f5a0aRCRD&vgnextoid=b41595f0512c6910VgnVCM2000001f4a900aRCRD\" >www.madrid.es</a></p>", "content_type": "html", "category_scheme": "$", "category_term": "https://datos.madrid.es/egob/kos/entidadesYorganismos/BibliotecasPublicas", "tipo_refugio": "biblioteca" }, "geometry": { "type": "Point", "coordinates": [ -3.679345889376551, 40.35118703272002 ] } },
{ "type": "Feature", "properties": { "title": "Biblioteca Pública Municipal Gabriel García Márquez (Usera)", "link_href": "http://www.madrid.es/sites/v/index.jsp?vgnextchannel=bfa48ab43d6bb410VgnVCM100000171f5a0aRCRD&vgnextoid=e4bf3d0b5e71c010VgnVCM1000000b205a0aRCRD", "link_type": "text/html", "link_rel": "alternate", "id": 1754, "content": "<p>La Biblioteca Pública Municipal Gabriel García Marquez es heredera de la antigua biblioteca de la Meseta de Orcasur, abierta al público en 1983. En esta misma ubicación se abrió la actual biblioteca en 1987, y posteriormente fue remodelada en 2014. Fue en ese momento cuando se cambió el nombre por el de Gabriel García Marquez, en honor al escritor colombiano.    Página en Facebook     Canal de WhatsApp<p>Superficie: 1.395 metros cuadrados.  Puestos de lectura: 142   Puestos de Internet: 27 y   Puestos de la sala polivalente: 55  Puestos de las 2 salas de trabajo en grupo.: 6 y 10 plazas.</p><p><a target=\"_blank\" href=\"http://www.madrid.es/sites/v/index.jsp?vgnextchannel=bfa48ab43d6bb410VgnVCM100000171f5a0aRCRD&vgnextoid=e4bf3d0b5e71c010VgnVCM1000000b205a0aRCRD\" >www.madrid.es</a></p>", "content_type": "html", "category_scheme": "$", "category_term": "https://datos.madrid.es/egob/kos/entidadesYorganismos/BibliotecasPublicas", "tipo_refugio": "biblioteca" }, "geometry": { "type": "Point", "coordinates": [ -3.701141063083806, 40.366768324753416 ] } },
{ "type": "Feature", "properties": { "title": "Biblioteca Pública Municipal Gerardo Diego (Villa de Vallecas)", "link_href": "http://www.madrid.es/sites/v/index.jsp?vgnextchannel=bfa48ab43d6bb410VgnVCM100000171f5a0aRCRD&vgnextoid=ca903d0b5e71c010VgnVCM1000000b205a0aRCRD", "link_type": "text/html", "link_rel": "alternate", "id": 1748, "content": "<p>La Biblioteca de Vallecas Villa se abrió en 1987, en el local que había sido hasta entonces la escuela infantil del pueblo de Vallecas. Al transformarse en biblioteca, tomó el nombre del maestro de la antigua escuela -Francisco Fatou-, acudiendo a la inauguración su viuda, quien contribuyó con una importante aportación económica para la ampliación de sus fondos. En 1995 se trasladó desde la calle Manuel Vélez -donde quedó el Centro Cultural Francisco Fatou- a la vecina calle Monte Aya, en la que se inauguró un nuevo edificio el 22 de enero de 1996.  Su nueva sede se construyó sobre el solar del antiguo Cine Madrid. La práctica totalidad del edificio, salvo unas pequeñas dependencias destinadas a escuela de adultos, está dedicado a biblioteca. Es allí donde recibió su actual denominación como Biblioteca Pública Municipal Gerardo Diego. La biblioteca cuenta con un fondo especializado en la Shoá, con más de 1300 documentos, entre libros y multimedia, que nació en el año 2007 coincidiendo con el Día de las Víctimas del Holocausto.    Página en Facebook      Canal de WhatsApp<p>Superficie: 1842 metros cuadrados.  Puestos de lectura: 154   Puestos de Internet: 16    Puestos de la sala polivalente  : 59</p><p><a target=\"_blank\" href=\"http://www.madrid.es/sites/v/index.jsp?vgnextchannel=bfa48ab43d6bb410VgnVCM100000171f5a0aRCRD&vgnextoid=ca903d0b5e71c010VgnVCM1000000b205a0aRCRD\" >www.madrid.es</a></p>", "content_type": "html", "category_scheme": "$", "category_term": "https://datos.madrid.es/egob/kos/entidadesYorganismos/BibliotecasPublicas", "tipo_refugio": "biblioteca" }, "geometry": { "type": "Point", "coordinates": [ -3.622729660503952, 40.377901962404337 ] } },
{ "type": "Feature", "properties": { "title": "Biblioteca Pública Municipal Gloria Fuertes (Barajas)", "link_href": "http://www.madrid.es/sites/v/index.jsp?vgnextchannel=bfa48ab43d6bb410VgnVCM100000171f5a0aRCRD&vgnextoid=1f64c2c6e051c010VgnVCM2000000c205a0aRCRD", "link_type": "text/html", "link_rel": "alternate", "id": 79941, "content": "<p>La Biblioteca Pública Municipal Gloria Fuertes fue inaugurada en octubre del año 2001 asistiendo al acto el entonces alcalde, José María Álvarez del Manzano. El edificio es un proyecto de nueva planta de la arquitecta Carmen Blanco Hernández para albergar un centro cultural y la única biblioteca que, en la actualidad, presta servicio a los vecinos del distrito de Barajas. Desde los grandes ventanales que recorren la primera y segunda planta, donde se ubica la biblioteca, se aprecian los restos del reconstruido castillo de los Zapata, único que se conserva en el término municipal de Madrid, y un extenso olivar que pone límite al moderno Parque Juan Carlos I.    Página en Facebook     Canal de WhatsApp<p>Superficie: 672 metros cuadrados.  Puestos de lectura: 119  Puestos de Internet: 9    Puestos de la sala polivalente   : 30</p><p><a target=\"_blank\" href=\"http://www.madrid.es/sites/v/index.jsp?vgnextchannel=bfa48ab43d6bb410VgnVCM100000171f5a0aRCRD&vgnextoid=1f64c2c6e051c010VgnVCM2000000c205a0aRCRD\" >www.madrid.es</a></p>", "content_type": "html", "category_scheme": "$", "category_term": "https://datos.madrid.es/egob/kos/entidadesYorganismos/BibliotecasPublicas", "tipo_refugio": "biblioteca" }, "geometry": { "type": "Point", "coordinates": [ -3.593746181178535, 40.460559472286953 ] } },
{ "type": "Feature", "properties": { "title": "Biblioteca Pública Municipal Huerta de la Salud (Hortaleza)", "link_href": "http://www.madrid.es/sites/v/index.jsp?vgnextchannel=bfa48ab43d6bb410VgnVCM100000171f5a0aRCRD&vgnextoid=9c5879262ef5d010VgnVCM1000000b205a0aRCRD", "link_type": "text/html", "link_rel": "alternate", "id": 1750, "content": "<p>Su antecedente fue una pequeña biblioteca que había en la calle de Santa Virgilia y dependía de la Junta de Distrito. En enero de 1987 se inaugura el centro actual dentro del parque Huerta de la Salud, situado en los terrenos de una antigua quinta cuyos orígenes se remontan al siglo XVIII. Esta quinta fue a principios del siglo XX un próspero negocio agropecuario con nuevos y originales elementos arquitectónicos, entre los que destacaba el silo, ahora emblema de Hortaleza. Caída la quinta en el abandono poco antes de la Guerra Civil, se derribaron a principios de los años ochenta algunas de sus construcciones, como el mirador o palomar y el granero, y solo quedaron, al menos en parte, tres edificaciones. La biblioteca ocupó la estructura rehabilitada de uno de ellos, donde habían estado los establos del recinto, compartiendo espacio con el Centro Cultural Huerta de la Salud. En 1995, se traslada a otra construcción de la antigua quinta, donde se encuentra actualmente. El edificio -conocido como el corredor- había servido para guardar arados y herramientas y para dormir parte del personal. En 2006 y 2007 se realiza una profunda reforma y adquiere su actual fisonomía. Por su historia, el edificio de la biblioteca conserva cierto aire arquitectónico rural. En octubre de 2018, su suerte se unió a la tercera construcción histórica del conjunto: el Silo, al que se había añadido un magnífico mirador a principios del siglo XXI y donde se realizan algunas actividades de la biblioteca.     Canal de WhatsApp<p>Superficie: 450 metros cuadrados.  Puestos de lectura: 77  Puestos de Internet: 7</p><p><a target=\"_blank\" href=\"http://www.madrid.es/sites/v/index.jsp?vgnextchannel=bfa48ab43d6bb410VgnVCM100000171f5a0aRCRD&vgnextoid=9c5879262ef5d010VgnVCM1000000b205a0aRCRD\" >www.madrid.es</a></p>", "content_type": "html", "category_scheme": "$", "category_term": "https://datos.madrid.es/egob/kos/entidadesYorganismos/BibliotecasPublicas", "tipo_refugio": "biblioteca" }, "geometry": { "type": "Point", "coordinates": [ -3.64667257750353, 40.475716881030692 ] } },
{ "type": "Feature", "properties": { "title": "Biblioteca Pública Municipal Iván de Vargas (Centro)", "link_href": "http://www.madrid.es/sites/v/index.jsp?vgnextchannel=bfa48ab43d6bb410VgnVCM100000171f5a0aRCRD&vgnextoid=0b60e92be3c5e210VgnVCM1000000b205a0aRCRD", "link_type": "text/html", "link_rel": "alternate", "id": 5975465, "content": "<p>La Biblioteca Pública Municipal Iván de Vargas fue inaugurada el 28 de febrero de 2011. Se encuentra situada en el corazón del Madrid de los Austrias y ocupa el espacio de un antiguo caserón perteneciente a uno de los linajes más antiguos de Madrid: los Vargas, siendo Iván de Vargas señor del patrón de la ciudad, San Isidro Labrador. Fue proyectada por el arquitecto Ramón Andrade y responde a un diálogo entre tradición y vanguardia utilizando granito, cristal y madera. Destacan en el interior dos magnolios centenarios y el brocal de un pozo con una imagen medieval labrada de San Isidro.  Por sus raíces históricas en la ciudad, la Biblioteca dispone de una sala de lectura especializada en fondos documentales sobre Madrid y cuenta actualmente con un depósito por 4 años del Centro Sefarad: la Biblioteca Isaac Revah sobre cultura judía, sociedad, literatura, etc. Cuenta también con una destacada colección de fanzines formada por donaciones de artistas que han participado en presentaciones y festivales de fanzines realizados en la biblioteca. Se pueden consultar todos los títulos en  este enlace .    Perfil en Instagram     Canal de WhatsApp<p>Superficie:  2.884 metros cuadrados.  Puestos de lectura:  132  Puestos de Internet:  17    Puestos de la sala polivalente   : 60  Sala Madrid.</p><p><a target=\"_blank\" href=\"http://www.madrid.es/sites/v/index.jsp?vgnextchannel=bfa48ab43d6bb410VgnVCM100000171f5a0aRCRD&vgnextoid=0b60e92be3c5e210VgnVCM1000000b205a0aRCRD\" >www.madrid.es</a></p>", "content_type": "html", "category_scheme": "$", "category_term": "https://datos.madrid.es/egob/kos/entidadesYorganismos/BibliotecasPublicas", "tipo_refugio": "biblioteca" }, "geometry": { "type": "Point", "coordinates": [ -3.709859121273588, 40.414102908446651 ] } },
{ "type": "Feature", "properties": { "title": "Biblioteca Pública Municipal José Hierro (San Blas-Canillejas)", "link_href": "http://www.madrid.es/sites/v/index.jsp?vgnextchannel=bfa48ab43d6bb410VgnVCM100000171f5a0aRCRD&vgnextoid=338879262ef5d010VgnVCM1000000b205a0aRCRD", "link_type": "text/html", "link_rel": "alternate", "id": 115056, "content": "<p>La Biblioteca Pública Municipal José Hierro fue inaugurada el 11 de marzo de 2003, asistiendo a la inauguración la viuda del escritor y el entonces alcalde José María Álvarez del Manzano. Se trata de un edificio próximo a la Junta de Distrito, con la que comparte un amplio espacio ajardinado.    Página en Facebook     Canal de WhatsApp<p>Superficie: 1.866 metros cuadrados.  Puestos de lectura: 227  Puestos de Internet: 13   Puestos de la sala polivalente   : 62</p><p><a target=\"_blank\" href=\"http://www.madrid.es/sites/v/index.jsp?vgnextchannel=bfa48ab43d6bb410VgnVCM100000171f5a0aRCRD&vgnextoid=338879262ef5d010VgnVCM1000000b205a0aRCRD\" >www.madrid.es</a></p>", "content_type": "html", "category_scheme": "$", "category_term": "https://datos.madrid.es/egob/kos/entidadesYorganismos/BibliotecasPublicas", "tipo_refugio": "biblioteca" }, "geometry": { "type": "Point", "coordinates": [ -3.610566231192745, 40.433291625973624 ] } },
{ "type": "Feature", "properties": { "title": "Biblioteca Pública Municipal José Saramago (Fuencarral-El Pardo)", "link_href": "http://www.madrid.es/sites/v/index.jsp?vgnextchannel=bfa48ab43d6bb410VgnVCM100000171f5a0aRCRD&vgnextoid=70d879262ef5d010VgnVCM1000000b205a0aRCRD", "link_type": "text/html", "link_rel": "alternate", "id": 1790, "content": "<p>La Biblioteca Municipal José Saramago se inauguró el 5 de noviembre de 1990, con el nombre de Biblioteca de la Vaguada. El origen es la antigua Biblioteca de Peñagrande situada en el Centro Cultural Rafael de León. Las instalaciones eran insuficientes para uno de los distritos más grandes de Madrid, y gracias al proyecto del Centro Cívico de La Vaguada se subsanó, por un lado la falta de espacio y por otro se mejoró su ubicación al situarse junto al Centro Comercial La Vaguada. El edificio forma parte de un proyecto diseñado en 1982 por los arquitectos Javier San José Marqués y Jordi Parcerisas Vázquez. La organización del edificio se realizó por medio de una secuencia de arcos que unían entre sí los diferentes espacios. En el año 2011 cambio su denominación por la actual de José Saramago.    Página en Facebook      Canal de WhatsApp<p>Superficie: 1.276 metros cuadrados.  Puestos de lectura: 165  Puestos de Internet: 16 Puestos de la  sala polivalente : 76 Puestos sala de trabajo en grupo: 30</p><p><a target=\"_blank\" href=\"http://www.madrid.es/sites/v/index.jsp?vgnextchannel=bfa48ab43d6bb410VgnVCM100000171f5a0aRCRD&vgnextoid=70d879262ef5d010VgnVCM1000000b205a0aRCRD\" >www.madrid.es</a></p>", "content_type": "html", "category_scheme": "$", "category_term": "https://datos.madrid.es/egob/kos/entidadesYorganismos/BibliotecasPublicas", "tipo_refugio": "biblioteca" }, "geometry": { "type": "Point", "coordinates": [ -3.709440834297995, 40.478600873345542 ] } },
{ "type": "Feature", "properties": { "title": "Biblioteca Pública Municipal La Chata (Carabanchel)", "link_href": "http://www.madrid.es/sites/v/index.jsp?vgnextchannel=bfa48ab43d6bb410VgnVCM100000171f5a0aRCRD&vgnextoid=d9a879262ef5d010VgnVCM1000000b205a0aRCRD", "link_type": "text/html", "link_rel": "alternate", "id": 1756, "content": "<p>La Biblioteca Pública La Chata abrió sus puertas por primera vez al público el Día de la Biblioteca, 24 de octubre, de 2005. Posteriormente, ll 13 de agosto de 2006, el Alcalde Ruiz-Gallardón, acompañado por la Concejala de Las Artes, Alicia Moreno, procedió a su inauguración oficial. El nombre de la biblioteca, La Chata, alude a Isabel de Borbón, hermana de Alfonso XII, que acudía regularmente a Carabanchel por ser una gran amante de los toros y a la Finca Vista Alegre que pertenecía a la familia real. También alude al nombre popular de la plaza de toros de Vista Alegre, denominada así por ser muy baja, achatada. Por lo tanto es un nombre muy &ldquo;carabanchelero&rdquo;.    Página en Facebook     Canal de WhatsApp<p>Superficie: 1.600 metros cuadrados  Puestos de lectura: 223  Puestos de Internet: 17</p><p><a target=\"_blank\" href=\"http://www.madrid.es/sites/v/index.jsp?vgnextchannel=bfa48ab43d6bb410VgnVCM100000171f5a0aRCRD&vgnextoid=d9a879262ef5d010VgnVCM1000000b205a0aRCRD\" >www.madrid.es</a></p>", "content_type": "html", "category_scheme": "$", "category_term": "https://datos.madrid.es/egob/kos/entidadesYorganismos/BibliotecasPublicas", "tipo_refugio": "biblioteca" }, "geometry": { "type": "Point", "coordinates": [ -3.74206338611758, 40.38330593504341 ] } },
{ "type": "Feature", "properties": { "title": "Biblioteca Pública Municipal La Elipa (Ciudad Lineal)", "link_href": "http://www.madrid.es/sites/v/index.jsp?vgnextchannel=bfa48ab43d6bb410VgnVCM100000171f5a0aRCRD&vgnextoid=697c598d1351c010VgnVCM1000000b205a0aRCRD", "link_type": "text/html", "link_rel": "alternate", "id": 51849, "content": "<p>La Biblioteca Pública Municipal La Elipa fue inaugurada en el año 2000. Su origen se remonta a la Biblioteca Pública de Quintana, que estaba situada en el Centro Cultural Sambara. En el año 2000 se trasladó a su actual ubicación, en lo que era el antiguo Colegio Islas Filipinas, del que tomaría su nombre. Permanece cerrada entre otoño de 2007 y primavera de 2009, reformándose para mejorar su accesibilidad y reabriendo sus puertas en marzo de ese año. Se denomina Biblioteca Municipal Islas Filipinas hasta octubre de 2016, que a instancia de los vecinos del barrio, y de acuerdo a los informes elaborados por la Dirección General de Bibliotecas, es aprobado el cambio de denominación en el Pleno de la Junta Municipal de Ciudad Lineal. Actualmente la biblioteca toma el nombre del barrio en el que está ubicada y al cual presta servicio.    Página en Facebook</p><p>Superficie: 980 metros cuadrados  Puestos de lectura: 102  Puestos de Internet: 10</p><p><a target=\"_blank\" href=\"http://www.madrid.es/sites/v/index.jsp?vgnextchannel=bfa48ab43d6bb410VgnVCM100000171f5a0aRCRD&vgnextoid=697c598d1351c010VgnVCM1000000b205a0aRCRD\" >www.madrid.es</a></p>", "content_type": "html", "category_scheme": "$", "category_term": "https://datos.madrid.es/egob/kos/entidadesYorganismos/BibliotecasPublicas", "tipo_refugio": "biblioteca" }, "geometry": { "type": "Point", "coordinates": [ -3.65182886443657, 40.423433528634661 ] } },
{ "type": "Feature", "properties": { "title": "Biblioteca Pública Municipal Manuel Vázquez Montalbán (Tetuán)", "link_href": "http://www.madrid.es/sites/v/index.jsp?vgnextchannel=bfa48ab43d6bb410VgnVCM100000171f5a0aRCRD&vgnextoid=b5ca89e2c9e5d010VgnVCM1000000b205a0aRCRD", "link_type": "text/html", "link_rel": "alternate", "id": 185595, "content": "<p>La Biblioteca Manuel Vázquez Montalbán se abrió al público el 4 de agosto de 2006. Se trata de un edificio diseñado por la arquitecta Isabel Huete Chugunowa, en el que comparten instalaciones la biblioteca y una Escuela Municipal de Música.    Página en Facebook     Canal de WhatsApp<p>Superficie: 1.372 metros cuadrados  Puestos de lectura: 151  Puestos de Internet: 11   Puestos de la sala polivalente   : 40</p><p><a target=\"_blank\" href=\"http://www.madrid.es/sites/v/index.jsp?vgnextchannel=bfa48ab43d6bb410VgnVCM100000171f5a0aRCRD&vgnextoid=b5ca89e2c9e5d010VgnVCM1000000b205a0aRCRD\" >www.madrid.es</a></p>", "content_type": "html", "category_scheme": "$", "category_term": "https://datos.madrid.es/egob/kos/entidadesYorganismos/BibliotecasPublicas", "tipo_refugio": "biblioteca" }, "geometry": { "type": "Point", "coordinates": [ -3.710539712535917, 40.45749513485957 ] } },
{ "type": "Feature", "properties": { "title": "Biblioteca Pública Municipal Mario Vargas Llosa (Centro)", "link_href": "http://www.madrid.es/sites/v/index.jsp?vgnextchannel=bfa48ab43d6bb410VgnVCM100000171f5a0aRCRD&vgnextoid=6c4dbc2658739410VgnVCM2000000c205a0aRCRD", "link_type": "text/html", "link_rel": "alternate", "id": 7697128, "content": "<p>La Biblioteca Mario Vargas Llosa fue inaugurada por el Premio Nobel de Literatura que le da su nombre el 17 de noviembre del 2014. La biblioteca tiene su origen en la remodelación del complejo Barceló que incluye un mercado, que sustituye al que existía antiguamente, un polideportivo, un parking y la biblioteca.     Página en Facebook     Canal de WhatsApp<p>Superficie: 1.589,46 metros cuadrados  Puestos de lectura: 122  Puestos de Internet: 21   Puestos sala polivalente   : 20</p><p><a target=\"_blank\" href=\"http://www.madrid.es/sites/v/index.jsp?vgnextchannel=bfa48ab43d6bb410VgnVCM100000171f5a0aRCRD&vgnextoid=6c4dbc2658739410VgnVCM2000000c205a0aRCRD\" >www.madrid.es</a></p>", "content_type": "html", "category_scheme": "$", "category_term": "https://datos.madrid.es/egob/kos/entidadesYorganismos/BibliotecasPublicas", "tipo_refugio": "biblioteca" }, "geometry": { "type": "Point", "coordinates": [ -3.699722994908341, 40.426642215368176 ] } },
{ "type": "Feature", "properties": { "title": "Biblioteca Pública Municipal María Lejárraga (Hortaleza)", "link_href": "http://www.madrid.es/sites/v/index.jsp?vgnextchannel=bfa48ab43d6bb410VgnVCM100000171f5a0aRCRD&vgnextoid=d862492de8c8c510VgnVCM2000001f4a900aRCRD", "link_type": "text/html", "link_rel": "alternate", "id": 10395362, "content": "<p>La Dirección General de Bibliotecas, en colaboración con la Alcaldía del Ayuntamiento de Madrid, decidieron asignar el nombre de María Lejárraga a la biblioteca abierta en el Centro Cultural Sanchinarro el 12 de junio del 2017. Esta denominación viene a dar continuidad a la misión de asignar a la bibliotecas con nombres de escritores y escritoras de época contemporánea que hayan tenido especial trascendencia en el mundo de las letras.    Página en Facebook     Canal de WhatsApp<p>Superficie: 982 metros cuadrados  Puestos de lectura: 168  Puestos de Internet: 25  Puestos de la sala polivalente: 50</p><p><a target=\"_blank\" href=\"http://www.madrid.es/sites/v/index.jsp?vgnextchannel=bfa48ab43d6bb410VgnVCM100000171f5a0aRCRD&vgnextoid=d862492de8c8c510VgnVCM2000001f4a900aRCRD\" >www.madrid.es</a></p>", "content_type": "html", "category_scheme": "$", "category_term": "https://datos.madrid.es/egob/kos/entidadesYorganismos/BibliotecasPublicas", "tipo_refugio": "biblioteca" }, "geometry": { "type": "Point", "coordinates": [ -3.655356751728003, 40.490415625465417 ] } },
{ "type": "Feature", "properties": { "title": "Biblioteca Pública Municipal María Zambrano (Tetuán)", "link_href": "http://www.madrid.es/sites/v/index.jsp?vgnextchannel=bfa48ab43d6bb410VgnVCM100000171f5a0aRCRD&vgnextoid=74703d0b5e71c010VgnVCM1000000b205a0aRCRD", "link_type": "text/html", "link_rel": "alternate", "id": 1759, "content": "<p>La Biblioteca Pública Municipal María Zambrano se inauguró el 29 de octubre de 2010 dentro del Centro Cultural Eduardo Úrculo (inaugurado a su vez el 15 de octubre de 2009), en el barrio de Ventilla, dentro del distrito de Tetuán en Madrid. Al acto acudieron el alcalde Alberto Ruiz Gallardón y la Delegada del Área de Las Artes Alicia Moreno. Esta biblioteca es consecuencia de la necesidad de ampliar la Biblioteca de Tetuán, situada en el antiguo edificio de la Junta Municipal del mismo nombre (Bravo Murillo 357).  La Biblioteca de Tetuán fue inaugurada en 1982 por el alcalde Enrique Tierno Galván, dentro del edificio de la Junta Municipal, y fue una de las primeras de la red municipal de Bibliotecas del Ayuntamiento de Madrid. Era heredera de la biblioteca creada en la nueva Casa Consistorial del antiguo pueblo de Chamartín de la Rosa en 1934.    Página en Facebook     Canal de WhatsApp<p>Superficie: 1.551 metros cuadrados  Puestos de lectura: 123  Puestos de Internet: 21  Puestos de la sala polivalente : 17</p><p><a target=\"_blank\" href=\"http://www.madrid.es/sites/v/index.jsp?vgnextchannel=bfa48ab43d6bb410VgnVCM100000171f5a0aRCRD&vgnextoid=74703d0b5e71c010VgnVCM1000000b205a0aRCRD\" >www.madrid.es</a></p>", "content_type": "html", "category_scheme": "$", "category_term": "https://datos.madrid.es/egob/kos/entidadesYorganismos/BibliotecasPublicas", "tipo_refugio": "biblioteca" }, "geometry": { "type": "Point", "coordinates": [ -3.6976620067965, 40.46903299144094 ] } },
{ "type": "Feature", "properties": { "title": "Biblioteca Pública Municipal Miguel Delibes (Moratalaz)", "link_href": "http://www.madrid.es/sites/v/index.jsp?vgnextchannel=bfa48ab43d6bb410VgnVCM100000171f5a0aRCRD&vgnextoid=9e8f3d0b5e71c010VgnVCM1000000b205a0aRCRD", "link_type": "text/html", "link_rel": "alternate", "id": 1752, "content": "<p>La Biblioteca Pública Municipal de Moratalaz fue inaugurada en el año 1986. Su primera ubicación fue dentro del parque Darwin, en unas edificaciones que la Inmobiliaria Urbis utilizó como pisos piloto para la venta de las viviendas y donó luego al Ayuntamiento. La primera instalación se concibió como un quiosco de libros de préstamo. Posteriormente se le añadió otro módulo de los pisos piloto. Con el desarrollo del distrito, se decide la construcción de una nueva biblioteca. El proyecto, firmado por la arquitecta municipal Isabel Huete Chugunowa, comprende cuatro plantas con un total de 2.012 m&sup2;. Se inauguró el 18 de octubre del año 2001, en acto presidido por Don José María Álvarez del Manzano, alcalde del Ayuntamiento de Madrid. En 2010 se le da el nombre del escritor Miguel Delibes.    Página en Facebook     Canal de WhatsApp<p>Superficie: 1.894 metros cuadrados  Puestos de lectura: 258  Puestos de Internet: 14  Puestos de la sala polivalente : 60</p><p><a target=\"_blank\" href=\"http://www.madrid.es/sites/v/index.jsp?vgnextchannel=bfa48ab43d6bb410VgnVCM100000171f5a0aRCRD&vgnextoid=9e8f3d0b5e71c010VgnVCM1000000b205a0aRCRD\" >www.madrid.es</a></p>", "content_type": "html", "category_scheme": "$", "category_term": "https://datos.madrid.es/egob/kos/entidadesYorganismos/BibliotecasPublicas", "tipo_refugio": "biblioteca" }, "geometry": { "type": "Point", "coordinates": [ -3.652982210911513, 40.409717376929237 ] } },
{ "type": "Feature", "properties": { "title": "Biblioteca Pública Municipal Pablo Neruda (Ciudad Lineal)", "link_href": "http://www.madrid.es/sites/v/index.jsp?vgnextchannel=bfa48ab43d6bb410VgnVCM100000171f5a0aRCRD&vgnextoid=d5c548d20675e010VgnVCM1000000b205a0aRCRD", "link_type": "text/html", "link_rel": "alternate", "id": 186714, "content": "<p>La Biblioteca Pablo Neruda fue inaugurada en septiembre de 2006 por la Concejala del Área de Las Artes. La entrada a la biblioteca está presidida por un conjunto escultórico dedicado a Pablo Neruda, del escultor Julio López Hernández. Concebido en altorrelieve y en bronce, representa al escritor escribiendo en su mesa, junto con otros elementos entresacados de su casa de 'Isla Negra'. La biblioteca es un edificio de nueva planta, exento, de tres alturas, que comparte dependencias con un Centro Día. La entrada es diáfana y luminosa y en ella se encuentra el mostrador de préstamo, la zona multimedia, la hemeroteca, la comiteca y el fondo bibliográfico. La segunda planta alberga una sección juvenil, la sala infantil, la sala de referencia y el despacho de bibliotecarios. En la tercera está la sala polivalente.    Página en Facebook     Canal de WhatsApp<p>Superficie: 1.500 metros cuadrados  Puestos de lectura: 192  Puestos de Internet: 14  Puestos de la sala polivalente: 75</p><p><a target=\"_blank\" href=\"http://www.madrid.es/sites/v/index.jsp?vgnextchannel=bfa48ab43d6bb410VgnVCM100000171f5a0aRCRD&vgnextoid=d5c548d20675e010VgnVCM1000000b205a0aRCRD\" >www.madrid.es</a></p>", "content_type": "html", "category_scheme": "$", "category_term": "https://datos.madrid.es/egob/kos/entidadesYorganismos/BibliotecasPublicas", "tipo_refugio": "biblioteca" }, "geometry": { "type": "Point", "coordinates": [ -3.64168998397877, 40.429411334411419 ] } },
{ "type": "Feature", "properties": { "title": "Biblioteca Pública Municipal Portazgo (Puente de Vallecas)", "link_href": "http://www.madrid.es/sites/v/index.jsp?vgnextchannel=bfa48ab43d6bb410VgnVCM100000171f5a0aRCRD&vgnextoid=89a40a47f441f010VgnVCM2000000c205a0aRCRD", "link_type": "text/html", "link_rel": "alternate", "id": 1753, "content": "<p>La Biblioteca de Portazgo fue inaugurada el 20 de octubre de 1983 compartiendo espacio con el edificio del Centro Cultural Alberto Sánchez. Fue una de las bibliotecas pioneras en formar parte de la incipiente red de Bibliotecas Públicas del Ayuntamiento de Madrid, hace más de 30 años. En 2006 fue remodelada y ampliada incorporando espacios del Centro Cultural. Actualmente cuenta con dos plantas, en la planta baja encontramos la sala infantil, un pequeño espacio para la prensa y el mostrador de préstamo, además del servicio de Internet. La planta primera funciona como sala de lectura y en ella se encuentra el fondo de adultos.    Página en Facebook     Canal de WhatsApp<p>Superficie: 550 metros cuadrados  Puestos de lectura: 116  Puestos de Internet: 7</p><p><a target=\"_blank\" href=\"http://www.madrid.es/sites/v/index.jsp?vgnextchannel=bfa48ab43d6bb410VgnVCM100000171f5a0aRCRD&vgnextoid=89a40a47f441f010VgnVCM2000000c205a0aRCRD\" >www.madrid.es</a></p>", "content_type": "html", "category_scheme": "$", "category_term": "https://datos.madrid.es/egob/kos/entidadesYorganismos/BibliotecasPublicas", "tipo_refugio": "biblioteca" }, "geometry": { "type": "Point", "coordinates": [ -3.655414764918394, 40.393189968014696 ] } },
{ "type": "Feature", "properties": { "title": "Biblioteca Pública Municipal Pozo del Tío Raimundo (Puente de Vallecas)", "link_href": "http://www.madrid.es/sites/v/index.jsp?vgnextchannel=bfa48ab43d6bb410VgnVCM100000171f5a0aRCRD&vgnextoid=d7203d0b5e71c010VgnVCM1000000b205a0aRCRD", "link_type": "text/html", "link_rel": "alternate", "id": 1792, "content": "<p>La Biblioteca Pública Pozo del Tío Raimundo fue inaugurada el 15 de octubre de 1991, compartiendo edificio con el Centro Cultural Pozo del Tío Raimundo.    Página en Facebook     Canal de WhatsApp<p>Superficie: 315 metros cuadrados  Puestos de lectura: 81  Puestos de Internet: 7</p><p><a target=\"_blank\" href=\"http://www.madrid.es/sites/v/index.jsp?vgnextchannel=bfa48ab43d6bb410VgnVCM100000171f5a0aRCRD&vgnextoid=d7203d0b5e71c010VgnVCM1000000b205a0aRCRD\" >www.madrid.es</a></p>", "content_type": "html", "category_scheme": "$", "category_term": "https://datos.madrid.es/egob/kos/entidadesYorganismos/BibliotecasPublicas", "tipo_refugio": "biblioteca" }, "geometry": { "type": "Point", "coordinates": [ -3.66025460649054, 40.373585643647303 ] } },
{ "type": "Feature", "properties": { "title": "Biblioteca Pública Municipal Pío Baroja (Arganzuela)", "link_href": "http://www.madrid.es/sites/v/index.jsp?vgnextchannel=bfa48ab43d6bb410VgnVCM100000171f5a0aRCRD&vgnextoid=17f879262ef5d010VgnVCM1000000b205a0aRCRD", "link_type": "text/html", "link_rel": "alternate", "id": 1763, "content": "<p>La Biblioteca Pío Baroja fue inaugurada el 11 de febrero de 1993. En realidad se trataba de un traslado de la Biblioteca de Arganzuela ubicada entonces en el edificio Casa del Reloj (antiguo pabellón central de Matadero) donde compartía espacio con el centro cultural. La construcción de un nuevo edificio coincidió con la ejecución de la operación urbanística Pasillo Verde Ferroviario. El edificio de la biblioteca está distribuido en tres plantas, dos de acceso público. En la primera planta, se encuentran la recepción, servicio de préstamo y sala infantil. La segunda planta es un semisótano donde se ubican la sala de lectura, las publicaciones periódicas y los puestos de consulta de Internet. El elemento mas llamativo del edificio es la claraboya que desde la cubierta crea un patio acristalado y suministra luz a la sala de lectura.    Página en Facebook     Canal de WhatsApp<p>Superficie: 1.454 metros cuadrados  Puestos de lectura: 162   Puestos de Internet: 10</p><p><a target=\"_blank\" href=\"http://www.madrid.es/sites/v/index.jsp?vgnextchannel=bfa48ab43d6bb410VgnVCM100000171f5a0aRCRD&vgnextoid=17f879262ef5d010VgnVCM1000000b205a0aRCRD\" >www.madrid.es</a></p>", "content_type": "html", "category_scheme": "$", "category_term": "https://datos.madrid.es/egob/kos/entidadesYorganismos/BibliotecasPublicas", "tipo_refugio": "biblioteca" }, "geometry": { "type": "Point", "coordinates": [ -3.707448815495058, 40.400036526820067 ] } },
{ "type": "Feature", "properties": { "title": "Biblioteca Pública Municipal San Blas (San Blas-Canillejas)", "link_href": "http://www.madrid.es/sites/v/index.jsp?vgnextchannel=bfa48ab43d6bb410VgnVCM100000171f5a0aRCRD&vgnextoid=2e403d0b5e71c010VgnVCM1000000b205a0aRCRD", "link_type": "text/html", "link_rel": "alternate", "id": 1746, "content": "<p>La Biblioteca Pública Municipal San Blas se abrió al público el 10 de mayo de 1987 y al acto de inauguración acudió el entonces alcalde Juan Barranco. El espacio que ocupa actualmente fue un Seminario de Sacerdotes Migrantes, rehabilitado tras muchos años de abandono y un incendio que lo dejó en condiciones críticas. El Ayuntamiento lo reformó para instalar en él el Centro Cultural Antonio Machado, dentro del que se encuentra la biblioteca. El edificio tiene forma redonda y tres plantas y lo preside un busto del poeta Antonio Machado. La Biblioteca se sitúa en la segunda planta. El edificio también alberga la Escuela Municipal de Música Antonio Machado.    Página en Facebook     Canal de WhatsApp<p>Superficie: 412 metros cuadrados  Puestos de lectura: 102  Puestos de Internet: 9  Sala polivalente 'Margarita Salas'.</p><p><a target=\"_blank\" href=\"http://www.madrid.es/sites/v/index.jsp?vgnextchannel=bfa48ab43d6bb410VgnVCM100000171f5a0aRCRD&vgnextoid=2e403d0b5e71c010VgnVCM1000000b205a0aRCRD\" >www.madrid.es</a></p>", "content_type": "html", "category_scheme": "$", "category_term": "https://datos.madrid.es/egob/kos/entidadesYorganismos/BibliotecasPublicas", "tipo_refugio": "biblioteca" }, "geometry": { "type": "Point", "coordinates": [ -3.621811386090907, 40.420231627534996 ] } },
{ "type": "Feature", "properties": { "title": "Biblioteca Pública Municipal San Fermín (Usera)", "link_href": "http://www.madrid.es/sites/v/index.jsp?vgnextchannel=bfa48ab43d6bb410VgnVCM100000171f5a0aRCRD&vgnextoid=83e748aaf535e710VgnVCM1000001d4a900aRCRD", "link_type": "text/html", "link_rel": "alternate", "id": 11572165, "content": "<p>La Biblioteca Pública Municipal San Fermín abre sus puertas el 14 de marzo de 2022. La biblioteca del barrio de San Fermín, en el distrito de Usera, nace de un proceso participativo e innovador que recoge las ideas y deseos del vecindario y entidades asociativas que se sumaron al grupo de trabajo para contribuir al diseño y definición del equipamiento. En el este proceso participaron también distintos perfiles técnicos del Ayuntamiento. El 9 de agosto de 2022 se inauguraron los murales pintados por el artista Okuda San Miguel en su interior, que hablan de la historia del edificio y de cómo se ha logrado que el barrio de San Fermín cuente con este espacio. La construcción de la biblioteca es un proyecto financiado por el Programa Operativo FEDER de la Comunidad de Madrid 2014-2020.       Página en Facebook     Canal de WhatsApp<p>Superficie:  3.129 metros cuadrados  Puestos de lectura: 247  Puestos de Internet: 30  Puestos de la sala polivalente  : 64  Puestos de las salas de trabajo en grupo: 18 Aseo adaptado a personas ostomizadas</p><p><a target=\"_blank\" href=\"http://www.madrid.es/sites/v/index.jsp?vgnextchannel=bfa48ab43d6bb410VgnVCM100000171f5a0aRCRD&vgnextoid=83e748aaf535e710VgnVCM1000001d4a900aRCRD\" >www.madrid.es</a></p>", "content_type": "html", "category_scheme": "$", "category_term": "https://datos.madrid.es/egob/kos/entidadesYorganismos/BibliotecasPublicas", "tipo_refugio": "biblioteca" }, "geometry": { "type": "Point", "coordinates": [ -3.692742821990015, 40.3711623444796 ] } },
{ "type": "Feature", "properties": { "title": "Biblioteca Pública Municipal Vallecas (Puente de Vallecas)", "link_href": "http://www.madrid.es/sites/v/index.jsp?vgnextchannel=bfa48ab43d6bb410VgnVCM100000171f5a0aRCRD&vgnextoid=11c03d0b5e71c010VgnVCM1000000b205a0aRCRD", "link_type": "text/html", "link_rel": "alternate", "id": 1761, "content": "<p>El 13 de noviembre de 1933 se inauguró la biblioteca del pueblo de Vallecas, presidida por su alcalde Don Amós Acero Pérez. En 1937 fue cerrada debido a la Guerra Civil, abriéndose de nuevo en febrero de 1940. Pero poco a poco fue cayendo en un estado de abandono hasta que en 1976 se decidió su cierre para efectuar obras de remodelación. El 24 de abril de 1980, Enrique Tierno Galván reinauguró la biblioteca, abriéndose al público el 12 de mayo de ese mismo año. La Biblioteca de Vallecas siempre ha estado ubicada en un espacio independiente, el mismo desde 1933. Tras la reforma iniciada en 1978, ha habido otra en 1990. En esta última, se abrió una sala de lectura para adultos de 174,81 m&sup2;, debido a la cesión de dos habitaciones del antiguo Juzgado de Vallecas.    Página en Facebook     Canal de WhatsApp<p>Superficie: 367 metros cuadrados  Puestos de lectura: 100  Puestos de Internet: 5</p><p><a target=\"_blank\" href=\"http://www.madrid.es/sites/v/index.jsp?vgnextchannel=bfa48ab43d6bb410VgnVCM100000171f5a0aRCRD&vgnextoid=11c03d0b5e71c010VgnVCM1000000b205a0aRCRD\" >www.madrid.es</a></p>", "content_type": "html", "category_scheme": "$", "category_term": "https://datos.madrid.es/egob/kos/entidadesYorganismos/BibliotecasPublicas", "tipo_refugio": "biblioteca" }, "geometry": { "type": "Point", "coordinates": [ -3.665554302127492, 40.395023959810636 ] } },
{ "type": "Feature", "properties": { "title": "Biblioteca Pública Municipal Vicálvaro", "link_href": "http://www.madrid.es/sites/v/index.jsp?vgnextchannel=bfa48ab43d6bb410VgnVCM100000171f5a0aRCRD&vgnextoid=67e03d0b5e71c010VgnVCM1000000b205a0aRCRD", "link_type": "text/html", "link_rel": "alternate", "id": 1747, "content": "<p>La Biblioteca Pública Municipal de Vicálvaro fue inaugurada el 23 de mayo de 1987.    Canal de WhatsApp<p>Superficie: 547 metros cuadrados  Puestos de lectura: 94  Puestos de Internet: 10</p><p><a target=\"_blank\" href=\"http://www.madrid.es/sites/v/index.jsp?vgnextchannel=bfa48ab43d6bb410VgnVCM100000171f5a0aRCRD&vgnextoid=67e03d0b5e71c010VgnVCM1000000b205a0aRCRD\" >www.madrid.es</a></p>", "content_type": "html", "category_scheme": "$", "category_term": "https://datos.madrid.es/egob/kos/entidadesYorganismos/BibliotecasPublicas", "tipo_refugio": "biblioteca" }, "geometry": { "type": "Point", "coordinates": [ -3.60862782329228, 40.405283650744316 ] } },
{ "type": "Feature", "properties": { "title": "Biblioteca Pública Municipal Ángel González (Latina)", "link_href": "http://www.madrid.es/sites/v/index.jsp?vgnextchannel=bfa48ab43d6bb410VgnVCM100000171f5a0aRCRD&vgnextoid=ec750a2153ef9210VgnVCM2000000c205a0aRCRD", "link_type": "text/html", "link_rel": "alternate", "id": 5768564, "content": "<p>La Biblioteca Pública Municipal Ángel González se inauguró el 26 de julio de 2010, contando con la presencia de, entre otros, el entonces Alcalde Alberto Ruiz-Gallardón, la Delegada del Área de Las Artes, Alicia Moreno, y la viuda del escritor, Susana Rivera.  El edificio es obra del arquitecto Carlos de Riaño, donde predomina el hormigón y el cristal. A pesar de estar junto a la A5, el aislamiento del entorno se consigue gracias a la utilización de grandes terrazas como elemento constructivo.     Página en Facebook     Canal de WhatsApp<p>Superficie: 2.811 metros cuadrados  Puestos de lectura: 309  Puestos de Internet: 34   Puestos de la sala polivalente: 60  Puestos de la sala de actividades: 18</p><p><a target=\"_blank\" href=\"http://www.madrid.es/sites/v/index.jsp?vgnextchannel=bfa48ab43d6bb410VgnVCM100000171f5a0aRCRD&vgnextoid=ec750a2153ef9210VgnVCM2000000c205a0aRCRD\" >www.madrid.es</a></p>", "content_type": "html", "category_scheme": "$", "category_term": "https://datos.madrid.es/egob/kos/entidadesYorganismos/BibliotecasPublicas", "tipo_refugio": "biblioteca" }, "geometry": { "type": "Point", "coordinates": [ -3.766488547484156, 40.397074625115906 ] } },
{ "type": "Feature", "properties": { "title": "Biblioteca Pública Pedro Salinas (Centro)", "link_href": "http://www.madrid.es/sites/v/index.jsp?vgnextchannel=bfa48ab43d6bb410VgnVCM100000171f5a0aRCRD&vgnextoid=67ed995a8bf5d010VgnVCM2000000c205a0aRCRD", "link_type": "text/html", "link_rel": "alternate", "id": 1798, "content": "<p>Lectura fácil, letra grande, audiodescripción.</p><p><a target=\"_blank\" href=\"http://www.madrid.es/sites/v/index.jsp?vgnextchannel=bfa48ab43d6bb410VgnVCM100000171f5a0aRCRD&vgnextoid=67ed995a8bf5d010VgnVCM2000000c205a0aRCRD\" >www.madrid.es</a></p>", "content_type": "html", "category_scheme": "$", "category_term": "https://datos.madrid.es/egob/kos/entidadesYorganismos/BibliotecasPublicas", "tipo_refugio": "biblioteca" }, "geometry": { "type": "Point", "coordinates": [ -3.71104393552386, 40.407095978373384 ] } },
{ "type": "Feature", "properties": { "title": "Biblioteca Pública Rafael Alberti (Fuencarral - El Pardo)", "link_href": "http://www.madrid.es/sites/v/index.jsp?vgnextchannel=bfa48ab43d6bb410VgnVCM100000171f5a0aRCRD&vgnextoid=260e995a8bf5d010VgnVCM2000000c205a0aRCRD", "link_type": "text/html", "link_rel": "alternate", "id": 66904, "content": "<p>Lectura fácil, letra grande, audiodescripción.</p><p><a target=\"_blank\" href=\"http://www.madrid.es/sites/v/index.jsp?vgnextchannel=bfa48ab43d6bb410VgnVCM100000171f5a0aRCRD&vgnextoid=260e995a8bf5d010VgnVCM2000000c205a0aRCRD\" >www.madrid.es</a></p>", "content_type": "html", "category_scheme": "$", "category_term": "https://datos.madrid.es/egob/kos/entidadesYorganismos/BibliotecasPublicas", "tipo_refugio": "biblioteca" }, "geometry": { "type": "Point", "coordinates": [ -3.698573534478892, 40.487850714059952 ] } },
{ "type": "Feature", "properties": { "title": "Biblioteca Pública Ruiz Egea (Chamberí)", "link_href": "http://www.madrid.es/sites/v/index.jsp?vgnextchannel=bfa48ab43d6bb410VgnVCM100000171f5a0aRCRD&vgnextoid=b2413d0b5e71c010VgnVCM1000000b205a0aRCRD", "link_type": "text/html", "link_rel": "alternate", "id": 1777, "content": "<p><a target=\"_blank\" href=\"http://www.madrid.es/sites/v/index.jsp?vgnextchannel=bfa48ab43d6bb410VgnVCM100000171f5a0aRCRD&vgnextoid=b2413d0b5e71c010VgnVCM1000000b205a0aRCRD\" >www.madrid.es</a></p>", "content_type": "html", "category_scheme": "$", "category_term": "https://datos.madrid.es/egob/kos/entidadesYorganismos/BibliotecasPublicas", "tipo_refugio": "biblioteca" }, "geometry": { "type": "Point", "coordinates": [ -3.702878714068386, 40.446602650046913 ] } },
{ "type": "Feature", "properties": { "title": "Biblioteca Pública del Estado Manuel Alvar  (Salamanca)", "link_href": "http://www.madrid.es/sites/v/index.jsp?vgnextchannel=bfa48ab43d6bb410VgnVCM100000171f5a0aRCRD&vgnextoid=d51979262ef5d010VgnVCM1000000b205a0aRCRD", "link_type": "text/html", "link_rel": "alternate", "id": 1765, "content": "<p>Lectura fácil, letra grande, audiodescripción.</p><p><a target=\"_blank\" href=\"http://www.madrid.es/sites/v/index.jsp?vgnextchannel=bfa48ab43d6bb410VgnVCM100000171f5a0aRCRD&vgnextoid=d51979262ef5d010VgnVCM1000000b205a0aRCRD\" >www.madrid.es</a></p>", "content_type": "html", "category_scheme": "$", "category_term": "https://datos.madrid.es/egob/kos/entidadesYorganismos/BibliotecasPublicas", "tipo_refugio": "biblioteca" }, "geometry": { "type": "Point", "coordinates": [ -3.668970098576418, 40.434401321924803 ] } },
{ "type": "Feature", "properties": { "title": "Centro Cultural Paco Rabal. Biblioteca Pública (Puente de Vallecas)", "link_href": "http://www.madrid.es/sites/v/index.jsp?vgnextchannel=bfa48ab43d6bb410VgnVCM100000171f5a0aRCRD&vgnextoid=653645aab97d5910VgnVCM2000001f4a900aRCRD", "link_type": "text/html", "link_rel": "alternate", "id": 12734939, "content": "<p>Lectura fácil, letra grande, audiodescripción.</p><p><a target=\"_blank\" href=\"http://www.madrid.es/sites/v/index.jsp?vgnextchannel=bfa48ab43d6bb410VgnVCM100000171f5a0aRCRD&vgnextoid=653645aab97d5910VgnVCM2000001f4a900aRCRD\" >www.madrid.es</a></p>", "content_type": "html", "category_scheme": "$", "category_term": "https://datos.madrid.es/egob/kos/entidadesYorganismos/BibliotecasPublicas", "tipo_refugio": "biblioteca" }, "geometry": { "type": "Point", "coordinates": [ -3.661114669233002, 40.379459109283275 ] } },
{ "type": "Feature", "properties": { "title": "Auditorio Canal de Panamá (Ciudad Lineal)", "link_href": "http://www.madrid.es/sites/v/index.jsp?vgnextchannel=bfa48ab43d6bb410VgnVCM100000171f5a0aRCRD&vgnextoid=2f85dfd695b2b910VgnVCM100000891ecb1aRCRD", "link_type": "text/html", "link_rel": "alternate", "id": 50168821, "content": "<p>Ubicado en el Centro de Mayores Canal de Panamá</p><p><a target=\"_blank\" href=\"http://www.madrid.es/sites/v/index.jsp?vgnextchannel=bfa48ab43d6bb410VgnVCM100000171f5a0aRCRD&vgnextoid=2f85dfd695b2b910VgnVCM100000891ecb1aRCRD\" >www.madrid.es</a></p>", "content_type": "html", "category_scheme": "$", "category_term": "https://datos.madrid.es/egob/kos/entidadesYorganismos/AuditoriosSalasConcierto", "tipo_refugio": "centro_cultural" }, "geometry": { "type": "Point", "coordinates": [ -3.652412289521502, 40.440710196201891 ] } },
{ "type": "Feature", "properties": { "title": "Auditorio Carmen Laforet (Ciudad Lineal)", "link_href": "http://www.madrid.es/sites/v/index.jsp?vgnextchannel=bfa48ab43d6bb410VgnVCM100000171f5a0aRCRD&vgnextoid=fca22248514ae210VgnVCM1000000b205a0aRCRD", "link_type": "text/html", "link_rel": "alternate", "id": 5989871, "content": "<p>Ubicado en el Centro de Mayores Carmen Laforet</p><p><a target=\"_blank\" href=\"http://www.madrid.es/sites/v/index.jsp?vgnextchannel=bfa48ab43d6bb410VgnVCM100000171f5a0aRCRD&vgnextoid=fca22248514ae210VgnVCM1000000b205a0aRCRD\" >www.madrid.es</a></p>", "content_type": "html", "category_scheme": "$", "category_term": "https://datos.madrid.es/egob/kos/entidadesYorganismos/AuditoriosSalasConcierto", "tipo_refugio": "centro_cultural" }, "geometry": { "type": "Point", "coordinates": [ -3.665724389491356, 40.479672494715558 ] } },
{ "type": "Feature", "properties": { "title": "Auditorio al aire libre. Parque del Calero", "link_href": "http://www.madrid.es/sites/v/index.jsp?vgnextchannel=bfa48ab43d6bb410VgnVCM100000171f5a0aRCRD&vgnextoid=c6237b503a71c010VgnVCM1000000b205a0aRCRD", "link_type": "text/html", "link_rel": "alternate", "id": 2389, "content": "<p><a target=\"_blank\" href=\"http://www.madrid.es/sites/v/index.jsp?vgnextchannel=bfa48ab43d6bb410VgnVCM100000171f5a0aRCRD&vgnextoid=c6237b503a71c010VgnVCM1000000b205a0aRCRD\" >www.madrid.es</a></p>", "content_type": "html", "category_scheme": "$", "category_term": "https://datos.madrid.es/egob/kos/entidadesYorganismos/AuditoriosSalasConcierto", "tipo_refugio": "centro_cultural" }, "geometry": { "type": "Point", "coordinates": [ -3.65040832835415, 40.436300129244366 ] } },
{ "type": "Feature", "properties": { "title": "Auditorio y sala de exposiciones Paco de Lucía (Latina)", "link_href": "http://www.madrid.es/sites/v/index.jsp?vgnextchannel=bfa48ab43d6bb410VgnVCM100000171f5a0aRCRD&vgnextoid=6089ba61e681c010VgnVCM1000000b205a0aRCRD", "link_type": "text/html", "link_rel": "alternate", "id": 139451, "content": "<p><a target=\"_blank\" href=\"http://www.madrid.es/sites/v/index.jsp?vgnextchannel=bfa48ab43d6bb410VgnVCM100000171f5a0aRCRD&vgnextoid=6089ba61e681c010VgnVCM1000000b205a0aRCRD\" >www.madrid.es</a></p>", "content_type": "html", "category_scheme": "$", "category_term": "https://datos.madrid.es/egob/kos/entidadesYorganismos/CentrosCulturales", "tipo_refugio": "centro_cultural" }, "geometry": { "type": "Point", "coordinates": [ -3.764196395260115, 40.384939299203353 ] } },
{ "type": "Feature", "properties": { "title": "Centro Cultural - Centro Socio Cultural Villa de Barajas", "link_href": "http://www.madrid.es/sites/v/index.jsp?vgnextchannel=bfa48ab43d6bb410VgnVCM100000171f5a0aRCRD&vgnextoid=476c1e79ee71c010VgnVCM1000000b205a0aRCRD", "link_type": "text/html", "link_rel": "alternate", "id": 1914, "content": "<p><a target=\"_blank\" href=\"http://www.madrid.es/sites/v/index.jsp?vgnextchannel=bfa48ab43d6bb410VgnVCM100000171f5a0aRCRD&vgnextoid=476c1e79ee71c010VgnVCM1000000b205a0aRCRD\" >www.madrid.es</a></p>", "content_type": "html", "category_scheme": "$", "category_term": "https://datos.madrid.es/egob/kos/entidadesYorganismos/CentrosCulturales", "tipo_refugio": "centro_cultural" }, "geometry": { "type": "Point", "coordinates": [ -3.578490861600372, 40.473248812506782 ] } },
{ "type": "Feature", "properties": { "title": "Centro Cultural Agustín Díaz (Moncloa - Aravaca)", "link_href": "http://www.madrid.es/sites/v/index.jsp?vgnextchannel=bfa48ab43d6bb410VgnVCM100000171f5a0aRCRD&vgnextoid=2d07cbf06c81c010VgnVCM1000000b205a0aRCRD", "link_type": "text/html", "link_rel": "alternate", "id": 117288, "content": "<p><a target=\"_blank\" href=\"http://www.madrid.es/sites/v/index.jsp?vgnextchannel=bfa48ab43d6bb410VgnVCM100000171f5a0aRCRD&vgnextoid=2d07cbf06c81c010VgnVCM1000000b205a0aRCRD\" >www.madrid.es</a></p>", "content_type": "html", "category_scheme": "$", "category_term": "https://datos.madrid.es/egob/kos/entidadesYorganismos/CentrosCulturales", "tipo_refugio": "centro_cultural" }, "geometry": { "type": "Point", "coordinates": [ -3.732411211150368, 40.427541844428269 ] } },
{ "type": "Feature", "properties": { "title": "Centro Cultural Alfredo Kraus (Fuencarral - El Pardo)", "link_href": "http://www.madrid.es/sites/v/index.jsp?vgnextchannel=bfa48ab43d6bb410VgnVCM100000171f5a0aRCRD&vgnextoid=7337cbf06c81c010VgnVCM1000000b205a0aRCRD", "link_type": "text/html", "link_rel": "alternate", "id": 118067, "content": "<p>Teléfono de secretaría  91 376 70 85.</p><p><a target=\"_blank\" href=\"http://www.madrid.es/sites/v/index.jsp?vgnextchannel=bfa48ab43d6bb410VgnVCM100000171f5a0aRCRD&vgnextoid=7337cbf06c81c010VgnVCM1000000b205a0aRCRD\" >www.madrid.es</a></p>", "content_type": "html", "category_scheme": "$", "category_term": "https://datos.madrid.es/egob/kos/entidadesYorganismos/CentrosCulturales", "tipo_refugio": "centro_cultural" }, "geometry": { "type": "Point", "coordinates": [ -3.721605433005365, 40.490822756101721 ] } },
{ "type": "Feature", "properties": { "title": "Centro Cultural Antonio Machado (San Blas - Canillejas)", "link_href": "http://www.madrid.es/sites/v/index.jsp?vgnextchannel=bfa48ab43d6bb410VgnVCM100000171f5a0aRCRD&vgnextoid=cce43d0b5e71c010VgnVCM1000000b205a0aRCRD", "link_type": "text/html", "link_rel": "alternate", "id": 1942, "content": "<p>Instalaciones del Centro Cultural:   Biblioteca Pública Municipal San Blas   Escuela Municipal de Música Antonio Machado</p><p><a target=\"_blank\" href=\"http://www.madrid.es/sites/v/index.jsp?vgnextchannel=bfa48ab43d6bb410VgnVCM100000171f5a0aRCRD&vgnextoid=cce43d0b5e71c010VgnVCM1000000b205a0aRCRD\" >www.madrid.es</a></p>", "content_type": "html", "category_scheme": "$", "category_term": "https://datos.madrid.es/egob/kos/entidadesYorganismos/CentrosCulturales", "tipo_refugio": "centro_cultural" }, "geometry": { "type": "Point", "coordinates": [ -3.621730741880216, 40.420280457570335 ] } },
{ "type": "Feature", "properties": { "title": "Centro Cultural Auditorio Parque El Paraíso (San Blas - Canillejas)", "link_href": "http://www.madrid.es/sites/v/index.jsp?vgnextchannel=bfa48ab43d6bb410VgnVCM100000171f5a0aRCRD&vgnextoid=a395946be351c010VgnVCM2000000c205a0aRCRD", "link_type": "text/html", "link_rel": "alternate", "id": 52511, "content": "<p><a target=\"_blank\" href=\"http://www.madrid.es/sites/v/index.jsp?vgnextchannel=bfa48ab43d6bb410VgnVCM100000171f5a0aRCRD&vgnextoid=a395946be351c010VgnVCM2000000c205a0aRCRD\" >www.madrid.es</a></p>", "content_type": "html", "category_scheme": "$", "category_term": "https://datos.madrid.es/egob/kos/entidadesYorganismos/AuditoriosSalasConcierto", "tipo_refugio": "centro_cultural" }, "geometry": { "type": "Point", "coordinates": [ -3.62217735794446, 40.429976211031388 ] } },
{ "type": "Feature", "properties": { "title": "Centro Cultural Benjamín Palencia (Villa de Vallecas)", "link_href": "http://www.madrid.es/sites/v/index.jsp?vgnextchannel=bfa48ab43d6bb410VgnVCM100000171f5a0aRCRD&vgnextoid=5763948ed2cdc910VgnVCM100000891ecb1aRCRD", "link_type": "text/html", "link_rel": "alternate", "id": 50252756, "content": "<p><a target=\"_blank\" href=\"http://www.madrid.es/sites/v/index.jsp?vgnextchannel=bfa48ab43d6bb410VgnVCM100000171f5a0aRCRD&vgnextoid=5763948ed2cdc910VgnVCM100000891ecb1aRCRD\" >www.madrid.es</a></p>", "content_type": "html", "category_scheme": "$", "category_term": "https://datos.madrid.es/egob/kos/entidadesYorganismos/CentrosCulturales", "tipo_refugio": "centro_cultural" }, "geometry": { "type": "Point", "coordinates": [ -3.616441946624668, 40.366911098568544 ] } },
{ "type": "Feature", "properties": { "title": "Centro Cultural Buenavista (Salamanca)", "link_href": "http://www.madrid.es/sites/v/index.jsp?vgnextchannel=bfa48ab43d6bb410VgnVCM100000171f5a0aRCRD&vgnextoid=068e598d1351c010VgnVCM1000000b205a0aRCRD", "link_type": "text/html", "link_rel": "alternate", "id": 64851, "content": "<p><a target=\"_blank\" href=\"http://www.madrid.es/sites/v/index.jsp?vgnextchannel=bfa48ab43d6bb410VgnVCM100000171f5a0aRCRD&vgnextoid=068e598d1351c010VgnVCM1000000b205a0aRCRD\" >www.madrid.es</a></p>", "content_type": "html", "category_scheme": "$", "category_term": "https://datos.madrid.es/egob/kos/entidadesYorganismos/CentrosCulturales", "tipo_refugio": "centro_cultural" }, "geometry": { "type": "Point", "coordinates": [ -3.670904677285496, 40.432000016092971 ] } },
{ "type": "Feature", "properties": { "title": "Centro Cultural Buero Vallejo (San Blas - Canillejas)", "link_href": "http://www.madrid.es/sites/v/index.jsp?vgnextchannel=bfa48ab43d6bb410VgnVCM100000171f5a0aRCRD&vgnextoid=98953d0b5e71c010VgnVCM1000000b205a0aRCRD", "link_type": "text/html", "link_rel": "alternate", "id": 1943, "content": "<p><a target=\"_blank\" href=\"http://www.madrid.es/sites/v/index.jsp?vgnextchannel=bfa48ab43d6bb410VgnVCM100000171f5a0aRCRD&vgnextoid=98953d0b5e71c010VgnVCM1000000b205a0aRCRD\" >www.madrid.es</a></p>", "content_type": "html", "category_scheme": "$", "category_term": "https://datos.madrid.es/egob/kos/entidadesYorganismos/CentrosCulturales", "tipo_refugio": "centro_cultural" }, "geometry": { "type": "Point", "coordinates": [ -3.612910584463378, 40.444774749021853 ] } },
{ "type": "Feature", "properties": { "title": "Centro Cultural Carril del Conde (Hortaleza)", "link_href": "http://www.madrid.es/sites/v/index.jsp?vgnextchannel=bfa48ab43d6bb410VgnVCM100000171f5a0aRCRD&vgnextoid=66a7cbf06c81c010VgnVCM1000000b205a0aRCRD", "link_type": "text/html", "link_rel": "alternate", "id": 118317, "content": "<p><a target=\"_blank\" href=\"http://www.madrid.es/sites/v/index.jsp?vgnextchannel=bfa48ab43d6bb410VgnVCM100000171f5a0aRCRD&vgnextoid=66a7cbf06c81c010VgnVCM1000000b205a0aRCRD\" >www.madrid.es</a></p>", "content_type": "html", "category_scheme": "$", "category_term": "https://datos.madrid.es/egob/kos/entidadesYorganismos/CentrosCulturales", "tipo_refugio": "centro_cultural" }, "geometry": { "type": "Point", "coordinates": [ -3.654366821391548, 40.460894995553133 ] } },
{ "type": "Feature", "properties": { "title": "Centro Cultural Casa de Vacas (Retiro)", "link_href": "http://www.madrid.es/sites/v/index.jsp?vgnextchannel=bfa48ab43d6bb410VgnVCM100000171f5a0aRCRD&vgnextoid=35e53d0b5e71c010VgnVCM1000000b205a0aRCRD", "link_type": "text/html", "link_rel": "alternate", "id": 1945, "content": "<p><a target=\"_blank\" href=\"http://www.madrid.es/sites/v/index.jsp?vgnextchannel=bfa48ab43d6bb410VgnVCM100000171f5a0aRCRD&vgnextoid=35e53d0b5e71c010VgnVCM1000000b205a0aRCRD\" >www.madrid.es</a></p>", "content_type": "html", "category_scheme": "$", "category_term": "https://datos.madrid.es/egob/kos/entidadesYorganismos/SalasExposiciones", "tipo_refugio": "centro_cultural" }, "geometry": { "type": "Point", "coordinates": [ -3.684053112760816, 40.419065719399612 ] } },
{ "type": "Feature", "properties": { "title": "Centro Cultural Casa del Reloj (Arganzuela)", "link_href": "http://www.madrid.es/sites/v/index.jsp?vgnextchannel=bfa48ab43d6bb410VgnVCM100000171f5a0aRCRD&vgnextoid=8b063d0b5e71c010VgnVCM1000000b205a0aRCRD", "link_type": "text/html", "link_rel": "alternate", "id": 1925, "content": "<p><a target=\"_blank\" href=\"http://www.madrid.es/sites/v/index.jsp?vgnextchannel=bfa48ab43d6bb410VgnVCM100000171f5a0aRCRD&vgnextoid=8b063d0b5e71c010VgnVCM1000000b205a0aRCRD\" >www.madrid.es</a></p>", "content_type": "html", "category_scheme": "$", "category_term": "https://datos.madrid.es/egob/kos/entidadesYorganismos/CentrosCulturales", "tipo_refugio": "centro_cultural" }, "geometry": { "type": "Point", "coordinates": [ -3.700396761468562, 40.394667550085273 ] } },
{ "type": "Feature", "properties": { "title": "Centro Cultural Ciudad Pegaso (San Blas - Canillejas)", "link_href": "http://www.madrid.es/sites/v/index.jsp?vgnextchannel=bfa48ab43d6bb410VgnVCM100000171f5a0aRCRD&vgnextoid=07f63190712b1110VgnVCM1000000b205a0aRCRD", "link_type": "text/html", "link_rel": "alternate", "id": 4551096, "content": "<p><a target=\"_blank\" href=\"http://www.madrid.es/sites/v/index.jsp?vgnextchannel=bfa48ab43d6bb410VgnVCM100000171f5a0aRCRD&vgnextoid=07f63190712b1110VgnVCM1000000b205a0aRCRD\" >www.madrid.es</a></p>", "content_type": "html", "category_scheme": "$", "category_term": "https://datos.madrid.es/egob/kos/entidadesYorganismos/CentrosCulturales", "tipo_refugio": "centro_cultural" }, "geometry": { "type": "Point", "coordinates": [ -3.598099871155595, 40.448447575720152 ] } },
{ "type": "Feature", "properties": { "title": "Centro Cultural Clara del Rey - Museo ABC (Centro)", "link_href": "http://www.madrid.es/sites/v/index.jsp?vgnextchannel=bfa48ab43d6bb410VgnVCM100000171f5a0aRCRD&vgnextoid=b8afb908d1825810VgnVCM1000001d4a900aRCRD", "link_type": "text/html", "link_rel": "alternate", "id": 11876732, "content": "<p><a target=\"_blank\" href=\"http://www.madrid.es/sites/v/index.jsp?vgnextchannel=bfa48ab43d6bb410VgnVCM100000171f5a0aRCRD&vgnextoid=b8afb908d1825810VgnVCM1000001d4a900aRCRD\" >www.madrid.es</a></p>", "content_type": "html", "category_scheme": "$", "category_term": "https://datos.madrid.es/egob/kos/entidadesYorganismos/CentrosCulturales", "tipo_refugio": "centro_cultural" }, "geometry": { "type": "Point", "coordinates": [ -3.709538110173944, 40.427413406711509 ] } },
{ "type": "Feature", "properties": { "title": "Centro Cultural Eduardo Úrculo (Tetuán)", "link_href": "http://www.madrid.es/sites/v/index.jsp?vgnextchannel=bfa48ab43d6bb410VgnVCM100000171f5a0aRCRD&vgnextoid=f8f9338588355210VgnVCM1000000b205a0aRCRD", "link_type": "text/html", "link_rel": "alternate", "id": 5498725, "content": "<p><a target=\"_blank\" href=\"http://www.madrid.es/sites/v/index.jsp?vgnextchannel=bfa48ab43d6bb410VgnVCM100000171f5a0aRCRD&vgnextoid=f8f9338588355210VgnVCM1000000b205a0aRCRD\" >www.madrid.es</a></p>", "content_type": "html", "category_scheme": "$", "category_term": "https://datos.madrid.es/egob/kos/entidadesYorganismos/CentrosCulturales", "tipo_refugio": "centro_cultural" }, "geometry": { "type": "Point", "coordinates": [ -3.697595691925329, 40.469007646116388 ] } },
{ "type": "Feature", "properties": { "title": "Centro Cultural El Plantío (Moncloa - Aravaca)", "link_href": "http://www.madrid.es/sites/v/index.jsp?vgnextchannel=bfa48ab43d6bb410VgnVCM100000171f5a0aRCRD&vgnextoid=45ef9eebdd647810VgnVCM2000001f4a900aRCRD", "link_type": "text/html", "link_rel": "alternate", "id": 11979985, "content": "<p><a target=\"_blank\" href=\"http://www.madrid.es/sites/v/index.jsp?vgnextchannel=bfa48ab43d6bb410VgnVCM100000171f5a0aRCRD&vgnextoid=45ef9eebdd647810VgnVCM2000001f4a900aRCRD\" >www.madrid.es</a></p>", "content_type": "html", "category_scheme": "$", "category_term": "https://datos.madrid.es/egob/kos/entidadesYorganismos/CentrosCulturales", "tipo_refugio": "centro_cultural" }, "geometry": { "type": "Point", "coordinates": [ -3.82451641504071, 40.470967310704467 ] } },
{ "type": "Feature", "properties": { "title": "Centro Cultural El Pozo del tío Raimundo (Puente de Vallecas)", "link_href": "http://www.madrid.es/sites/v/index.jsp?vgnextchannel=bfa48ab43d6bb410VgnVCM100000171f5a0aRCRD&vgnextoid=add63d0b5e71c010VgnVCM1000000b205a0aRCRD", "link_type": "text/html", "link_rel": "alternate", "id": 1939, "content": "<p>Consulte normas de acceso a los teatros en información relacionada.</p><p><a target=\"_blank\" href=\"http://www.madrid.es/sites/v/index.jsp?vgnextchannel=bfa48ab43d6bb410VgnVCM100000171f5a0aRCRD&vgnextoid=add63d0b5e71c010VgnVCM1000000b205a0aRCRD\" >www.madrid.es</a></p>", "content_type": "html", "category_scheme": "$", "category_term": "https://datos.madrid.es/egob/kos/entidadesYorganismos/CentrosCulturales", "tipo_refugio": "centro_cultural" }, "geometry": { "type": "Point", "coordinates": [ -3.659932573167098, 40.373816243588891 ] } },
{ "type": "Feature", "properties": { "title": "Centro Cultural Emilia Pardo Bazán (Salamanca)", "link_href": "http://www.madrid.es/sites/v/index.jsp?vgnextchannel=bfa48ab43d6bb410VgnVCM100000171f5a0aRCRD&vgnextoid=dc8d531521b74810VgnVCM1000001d4a900aRCRD", "link_type": "text/html", "link_rel": "alternate", "id": 11848432, "content": "<p>Horario del centro:   De lunes a domingo, de 7:30 a 21:45 horas.  Festivos cerrado   Horario de secretaría:   De lunes a jueves, de 9 a 14 horas y de 16 a 18 horas. Viernes de 9 a 14 horas. Julio de lunes a viernes, de 9 a 14 horas. Agosto: Cerrado  Fuera de este horario el centro permanecerá abierto durante la celebración de las actividades que se programen.</p><p><a target=\"_blank\" href=\"http://www.madrid.es/sites/v/index.jsp?vgnextchannel=bfa48ab43d6bb410VgnVCM100000171f5a0aRCRD&vgnextoid=dc8d531521b74810VgnVCM1000001d4a900aRCRD\" >www.madrid.es</a></p>", "content_type": "html", "category_scheme": "$", "category_term": "https://datos.madrid.es/egob/kos/entidadesYorganismos/CentrosCulturales", "tipo_refugio": "centro_cultural" }, "geometry": { "type": "Point", "coordinates": [ -3.689601594290468, 40.425858005159753 ] } },
{ "type": "Feature", "properties": { "title": "Centro Cultural Federico Chueca (Hortaleza)", "link_href": "http://www.madrid.es/sites/v/index.jsp?vgnextchannel=bfa48ab43d6bb410VgnVCM100000171f5a0aRCRD&vgnextoid=90573d0b5e71c010VgnVCM1000000b205a0aRCRD", "link_type": "text/html", "link_rel": "alternate", "id": 1931, "content": "<p><a target=\"_blank\" href=\"http://www.madrid.es/sites/v/index.jsp?vgnextchannel=bfa48ab43d6bb410VgnVCM100000171f5a0aRCRD&vgnextoid=90573d0b5e71c010VgnVCM1000000b205a0aRCRD\" >www.madrid.es</a></p>", "content_type": "html", "category_scheme": "$", "category_term": "https://datos.madrid.es/egob/kos/entidadesYorganismos/CentrosCulturales", "tipo_refugio": "centro_cultural" }, "geometry": { "type": "Point", "coordinates": [ -3.650585652034587, 40.465513265035874 ] } },
{ "type": "Feature", "properties": { "title": "Centro Cultural Fernando Lázaro Carreter (Carabanchel)", "link_href": "http://www.madrid.es/sites/v/index.jsp?vgnextchannel=bfa48ab43d6bb410VgnVCM100000171f5a0aRCRD&vgnextoid=340ed2d6fe9a6110VgnVCM1000000b205a0aRCRD", "link_type": "text/html", "link_rel": "alternate", "id": 4703628, "content": "<p><a target=\"_blank\" href=\"http://www.madrid.es/sites/v/index.jsp?vgnextchannel=bfa48ab43d6bb410VgnVCM100000171f5a0aRCRD&vgnextoid=340ed2d6fe9a6110VgnVCM1000000b205a0aRCRD\" >www.madrid.es</a></p>", "content_type": "html", "category_scheme": "$", "category_term": "https://datos.madrid.es/egob/kos/entidadesYorganismos/CentrosCulturales", "tipo_refugio": "centro_cultural" }, "geometry": { "type": "Point", "coordinates": [ -3.717137582860074, 40.39164455403764 ] } },
{ "type": "Feature", "properties": { "title": "Centro Cultural Fernando de los Ríos (Latina)", "link_href": "http://www.madrid.es/sites/v/index.jsp?vgnextchannel=bfa48ab43d6bb410VgnVCM100000171f5a0aRCRD&vgnextoid=3d973d0b5e71c010VgnVCM1000000b205a0aRCRD", "link_type": "text/html", "link_rel": "alternate", "id": 1954, "content": "<p>En la misma sede:   Biblioteca Pública Municipal de Aluche. Sala de Estudio Fernando de los Ríos de la Biblioteca.</p><p><a target=\"_blank\" href=\"http://www.madrid.es/sites/v/index.jsp?vgnextchannel=bfa48ab43d6bb410VgnVCM100000171f5a0aRCRD&vgnextoid=3d973d0b5e71c010VgnVCM1000000b205a0aRCRD\" >www.madrid.es</a></p>", "content_type": "html", "category_scheme": "$", "category_term": "https://datos.madrid.es/egob/kos/entidadesYorganismos/CentrosCulturales", "tipo_refugio": "centro_cultural" }, "geometry": { "type": "Point", "coordinates": [ -3.756616351863597, 40.395739032378984 ] } },
{ "type": "Feature", "properties": { "title": "Centro Cultural Fuente de San Pedro - Valderrivas (Vicálvaro)", "link_href": "http://www.madrid.es/sites/v/index.jsp?vgnextchannel=bfa48ab43d6bb410VgnVCM100000171f5a0aRCRD&vgnextoid=67d82728d0f1c810VgnVCM2000001f4a900aRCRD", "link_type": "text/html", "link_rel": "alternate", "id": 12205092, "content": "<p><a target=\"_blank\" href=\"http://www.madrid.es/sites/v/index.jsp?vgnextchannel=bfa48ab43d6bb410VgnVCM100000171f5a0aRCRD&vgnextoid=67d82728d0f1c810VgnVCM2000001f4a900aRCRD\" >www.madrid.es</a></p>", "content_type": "html", "category_scheme": "$", "category_term": "https://datos.madrid.es/egob/kos/entidadesYorganismos/CentrosCulturales", "tipo_refugio": "centro_cultural" }, "geometry": { "type": "Point", "coordinates": [ -3.60141148450391, 40.402180858803924 ] } },
{ "type": "Feature", "properties": { "title": "Centro Cultural Galileo (Chamberí)", "link_href": "http://www.madrid.es/sites/v/index.jsp?vgnextchannel=bfa48ab43d6bb410VgnVCM100000171f5a0aRCRD&vgnextoid=30181e79ee71c010VgnVCM1000000b205a0aRCRD", "link_type": "text/html", "link_rel": "alternate", "id": 1921, "content": "<p>El edificio se comenzó a construir en 1889 para ser usado como cocheras de las pompas fúnebres y posteriormente como tanatorio. Ocupó gran parte de una manzana siguiendo la alineación de las calles Galileo, Fernando el Católico y Blasco de Garay. Fue el edificio de la Sociedad de pompas Fúnebres, conocido como la funeraria Galileo. Cuando en 1986 fue convertido en Centro Cultural, desapareció el último vestigio fúnebre del Distrito. Tanto la disposición de los pabellones iniciales, dedicados en planta baja a cuadras y cocheras, como la estética arquitectónica, siguen las pautas marcadas por el lenguaje neomudéjar, resuelto sobre la base de muros de fábrica de ladrillo visto con sobria decoración, en una composición horizontal de dos plantas remarcada por una cornisa perimetral corrida y un impostado sobre ménsulas, interrumpido, sin embargo por salientes apilastrados que superponen en el trazado una secuencia de paños verticales en los que se abren los huecos. La monotonía repetitiva de las fachadas se rompe en la solución del chaflán, que conforma una suerte de achatado torreón, y en el centro de las mismas, donde se sitúan los grandes portones de acceso en cuerpos rematados por espadaña y perforados por vanos termales. Arquitecto, Julio Martínez-Zapata Rodríguez: 1898 (P) 1898-1999 (O). Ampliación: Julio Martínez-Zapata Rodríguez: 1905 (P) 1905-1907 (O). Adaptación para Centro Cultural: Álvaro y Luis Hernández Gómez y María Victoria Haendler Mas : 1985 (P) 1986-1987 (O). (Fuente: Guía de Arquitectura y Urbanismo de Madrid. Fundación COAM).</p><p><a target=\"_blank\" href=\"http://www.madrid.es/sites/v/index.jsp?vgnextchannel=bfa48ab43d6bb410VgnVCM100000171f5a0aRCRD&vgnextoid=30181e79ee71c010VgnVCM1000000b205a0aRCRD\" >www.madrid.es</a></p>", "content_type": "html", "category_scheme": "$", "category_term": "https://datos.madrid.es/egob/kos/entidadesYorganismos/CentrosCulturales", "tipo_refugio": "centro_cultural" }, "geometry": { "type": "Point", "coordinates": [ -3.710446899284175, 40.433719454283505 ] } },
{ "type": "Feature", "properties": { "title": "Centro Cultural Gloria Fuertes (Barajas)", "link_href": "http://www.madrid.es/sites/v/index.jsp?vgnextchannel=bfa48ab43d6bb410VgnVCM100000171f5a0aRCRD&vgnextoid=2e5068540e41c010VgnVCM2000000c205a0aRCRD", "link_type": "text/html", "link_rel": "alternate", "id": 70243, "content": "<p><a target=\"_blank\" href=\"http://www.madrid.es/sites/v/index.jsp?vgnextchannel=bfa48ab43d6bb410VgnVCM100000171f5a0aRCRD&vgnextoid=2e5068540e41c010VgnVCM2000000c205a0aRCRD\" >www.madrid.es</a></p>", "content_type": "html", "category_scheme": "$", "category_term": "https://datos.madrid.es/egob/kos/entidadesYorganismos/CentrosCulturales", "tipo_refugio": "centro_cultural" }, "geometry": { "type": "Point", "coordinates": [ -3.59366944150524, 40.4606308732073 ] } },
{ "type": "Feature", "properties": { "title": "Centro Cultural Hortaleza", "link_href": "http://www.madrid.es/sites/v/index.jsp?vgnextchannel=bfa48ab43d6bb410VgnVCM100000171f5a0aRCRD&vgnextoid=86381e79ee71c010VgnVCM1000000b205a0aRCRD", "link_type": "text/html", "link_rel": "alternate", "id": 1930, "content": "<p><a target=\"_blank\" href=\"http://www.madrid.es/sites/v/index.jsp?vgnextchannel=bfa48ab43d6bb410VgnVCM100000171f5a0aRCRD&vgnextoid=86381e79ee71c010VgnVCM1000000b205a0aRCRD\" >www.madrid.es</a></p>", "content_type": "html", "category_scheme": "$", "category_term": "https://datos.madrid.es/egob/kos/entidadesYorganismos/CentrosCulturales", "tipo_refugio": "centro_cultural" }, "geometry": { "type": "Point", "coordinates": [ -3.6420497457238, 40.476824107757409 ] } },
{ "type": "Feature", "properties": { "title": "Centro Cultural Huerta de la Salud (Hortaleza)", "link_href": "http://www.madrid.es/sites/v/index.jsp?vgnextchannel=bfa48ab43d6bb410VgnVCM100000171f5a0aRCRD&vgnextoid=dc581e79ee71c010VgnVCM1000000b205a0aRCRD", "link_type": "text/html", "link_rel": "alternate", "id": 1929, "content": "<p>Silo de Hortaleza    Lunes de 17 a 21 horas. De martes a sábado de 10 a 14 horas  y de 17 a 21 horas. Domingos y festivos de 10 a 14 horas. 24 de diciembre y 1 de enero, de 10 a 14 horas. Sábados, domingos, festivos de agosto y 25 de diciembre y 1 de enero, cerrado.</p><p><a target=\"_blank\" href=\"http://www.madrid.es/sites/v/index.jsp?vgnextchannel=bfa48ab43d6bb410VgnVCM100000171f5a0aRCRD&vgnextoid=dc581e79ee71c010VgnVCM1000000b205a0aRCRD\" >www.madrid.es</a></p>", "content_type": "html", "category_scheme": "$", "category_term": "https://datos.madrid.es/egob/kos/entidadesYorganismos/CentrosCulturales", "tipo_refugio": "centro_cultural" }, "geometry": { "type": "Point", "coordinates": [ -3.645543866498554, 40.474847356343467 ] } },
{ "type": "Feature", "properties": { "title": "Centro Cultural José Luis López Vázquez (San Blas - Canillejas)", "link_href": "http://www.madrid.es/sites/v/index.jsp?vgnextchannel=bfa48ab43d6bb410VgnVCM100000171f5a0aRCRD&vgnextoid=b790e37de110f210VgnVCM1000000b205a0aRCRD", "link_type": "text/html", "link_rel": "alternate", "id": 6017747, "content": "<p><a target=\"_blank\" href=\"http://www.madrid.es/sites/v/index.jsp?vgnextchannel=bfa48ab43d6bb410VgnVCM100000171f5a0aRCRD&vgnextoid=b790e37de110f210VgnVCM1000000b205a0aRCRD\" >www.madrid.es</a></p>", "content_type": "html", "category_scheme": "$", "category_term": "https://datos.madrid.es/egob/kos/entidadesYorganismos/CentrosCulturales", "tipo_refugio": "centro_cultural" }, "geometry": { "type": "Point", "coordinates": [ -3.572738289352325, 40.446826729909155 ] } },
{ "type": "Feature", "properties": { "title": "Centro Cultural José Luis Sampedro (Latina)", "link_href": "http://www.madrid.es/sites/v/index.jsp?vgnextchannel=bfa48ab43d6bb410VgnVCM100000171f5a0aRCRD&vgnextoid=bd3fba61e681c010VgnVCM1000000b205a0aRCRD", "link_type": "text/html", "link_rel": "alternate", "id": 142944, "content": "<p>En la misma sede está ubicada la Sala de estudio.</p><p><a target=\"_blank\" href=\"http://www.madrid.es/sites/v/index.jsp?vgnextchannel=bfa48ab43d6bb410VgnVCM100000171f5a0aRCRD&vgnextoid=bd3fba61e681c010VgnVCM1000000b205a0aRCRD\" >www.madrid.es</a></p>", "content_type": "html", "category_scheme": "$", "category_term": "https://datos.madrid.es/egob/kos/entidadesYorganismos/CentrosCulturales", "tipo_refugio": "centro_cultural" }, "geometry": { "type": "Point", "coordinates": [ -3.749110841406562, 40.40159394334669 ] } },
{ "type": "Feature", "properties": { "title": "Centro Cultural Juan Genovés (Moncloa - Aravaca)", "link_href": "http://www.madrid.es/sites/v/index.jsp?vgnextchannel=bfa48ab43d6bb410VgnVCM100000171f5a0aRCRD&vgnextoid=13153d0b5e71c010VgnVCM1000000b205a0aRCRD", "link_type": "text/html", "link_rel": "alternate", "id": 1919, "content": "<p><a target=\"_blank\" href=\"http://www.madrid.es/sites/v/index.jsp?vgnextchannel=bfa48ab43d6bb410VgnVCM100000171f5a0aRCRD&vgnextoid=13153d0b5e71c010VgnVCM1000000b205a0aRCRD\" >www.madrid.es</a></p>", "content_type": "html", "category_scheme": "$", "category_term": "https://datos.madrid.es/egob/kos/entidadesYorganismos/CentrosCulturales", "tipo_refugio": "centro_cultural" }, "geometry": { "type": "Point", "coordinates": [ -3.786349904331337, 40.458678417913461 ] } },
{ "type": "Feature", "properties": { "title": "Centro Cultural Juan Gris (Moncloa - Aravaca)", "link_href": "http://www.madrid.es/sites/v/index.jsp?vgnextchannel=bfa48ab43d6bb410VgnVCM100000171f5a0aRCRD&vgnextoid=79a81e79ee71c010VgnVCM1000000b205a0aRCRD", "link_type": "text/html", "link_rel": "alternate", "id": 1913, "content": "<p><a target=\"_blank\" href=\"http://www.madrid.es/sites/v/index.jsp?vgnextchannel=bfa48ab43d6bb410VgnVCM100000171f5a0aRCRD&vgnextoid=79a81e79ee71c010VgnVCM1000000b205a0aRCRD\" >www.madrid.es</a></p>", "content_type": "html", "category_scheme": "$", "category_term": "https://datos.madrid.es/egob/kos/entidadesYorganismos/CentrosCulturales", "tipo_refugio": "centro_cultural" }, "geometry": { "type": "Point", "coordinates": [ -3.712247606973967, 40.457862661260187 ] } },
{ "type": "Feature", "properties": { "title": "Centro Cultural Julio Cortázar (Moncloa - Aravaca)", "link_href": "http://www.madrid.es/sites/v/index.jsp?vgnextchannel=bfa48ab43d6bb410VgnVCM100000171f5a0aRCRD&vgnextoid=cfc81e79ee71c010VgnVCM1000000b205a0aRCRD", "link_type": "text/html", "link_rel": "alternate", "id": 1911, "content": "<p><a target=\"_blank\" href=\"http://www.madrid.es/sites/v/index.jsp?vgnextchannel=bfa48ab43d6bb410VgnVCM100000171f5a0aRCRD&vgnextoid=cfc81e79ee71c010VgnVCM1000000b205a0aRCRD\" >www.madrid.es</a></p>", "content_type": "html", "category_scheme": "$", "category_term": "https://datos.madrid.es/egob/kos/entidadesYorganismos/CentrosCulturales", "tipo_refugio": "centro_cultural" }, "geometry": { "type": "Point", "coordinates": [ -3.719559867092932, 40.46678417843686 ] } },
{ "type": "Feature", "properties": { "title": "Centro Cultural La Vaguada (Fuencarral - El Pardo)", "link_href": "http://www.madrid.es/sites/v/index.jsp?vgnextchannel=bfa48ab43d6bb410VgnVCM100000171f5a0aRCRD&vgnextoid=09691e79ee71c010VgnVCM1000000b205a0aRCRD", "link_type": "text/html", "link_rel": "alternate", "id": 1917, "content": "<p><a target=\"_blank\" href=\"http://www.madrid.es/sites/v/index.jsp?vgnextchannel=bfa48ab43d6bb410VgnVCM100000171f5a0aRCRD&vgnextoid=09691e79ee71c010VgnVCM1000000b205a0aRCRD\" >www.madrid.es</a></p>", "content_type": "html", "category_scheme": "$", "category_term": "https://datos.madrid.es/egob/kos/entidadesYorganismos/CentrosCulturales", "tipo_refugio": "centro_cultural" }, "geometry": { "type": "Point", "coordinates": [ -3.709138377702435, 40.479008132062908 ] } },
{ "type": "Feature", "properties": { "title": "Centro Cultural Las Californias (Retiro)", "link_href": "http://www.madrid.es/sites/v/index.jsp?vgnextchannel=bfa48ab43d6bb410VgnVCM100000171f5a0aRCRD&vgnextoid=a6c875993dc63110VgnVCM1000000b205a0aRCRD", "link_type": "text/html", "link_rel": "alternate", "id": 4606802, "content": "<p><a target=\"_blank\" href=\"http://www.madrid.es/sites/v/index.jsp?vgnextchannel=bfa48ab43d6bb410VgnVCM100000171f5a0aRCRD&vgnextoid=a6c875993dc63110VgnVCM1000000b205a0aRCRD\" >www.madrid.es</a></p>", "content_type": "html", "category_scheme": "$", "category_term": "https://datos.madrid.es/egob/kos/entidadesYorganismos/CentrosCulturales", "tipo_refugio": "centro_cultural" }, "geometry": { "type": "Point", "coordinates": [ -3.673876651415316, 40.397021560779024 ] } },
{ "type": "Feature", "properties": { "title": "Centro Cultural Lavapiés (Centro)", "link_href": "http://www.madrid.es/sites/v/index.jsp?vgnextchannel=bfa48ab43d6bb410VgnVCM100000171f5a0aRCRD&vgnextoid=5f891e79ee71c010VgnVCM1000000b205a0aRCRD", "link_type": "text/html", "link_rel": "alternate", "id": 1918, "content": "<p><a target=\"_blank\" href=\"http://www.madrid.es/sites/v/index.jsp?vgnextchannel=bfa48ab43d6bb410VgnVCM100000171f5a0aRCRD&vgnextoid=5f891e79ee71c010VgnVCM1000000b205a0aRCRD\" >www.madrid.es</a></p>", "content_type": "html", "category_scheme": "$", "category_term": "https://datos.madrid.es/egob/kos/entidadesYorganismos/CentrosCulturales", "tipo_refugio": "centro_cultural" }, "geometry": { "type": "Point", "coordinates": [ -3.701556979125206, 40.409678989374719 ] } },
{ "type": "Feature", "properties": { "title": "Centro Cultural Lope de Vega (Puente de Vallecas)", "link_href": "http://www.madrid.es/sites/v/index.jsp?vgnextchannel=bfa48ab43d6bb410VgnVCM100000171f5a0aRCRD&vgnextoid=4a273d0b5e71c010VgnVCM1000000b205a0aRCRD", "link_type": "text/html", "link_rel": "alternate", "id": 1938, "content": "<p>Consulte normas de acceso a los teatros en información relacionada.</p><p><a target=\"_blank\" href=\"http://www.madrid.es/sites/v/index.jsp?vgnextchannel=bfa48ab43d6bb410VgnVCM100000171f5a0aRCRD&vgnextoid=4a273d0b5e71c010VgnVCM1000000b205a0aRCRD\" >www.madrid.es</a></p>", "content_type": "html", "category_scheme": "$", "category_term": "https://datos.madrid.es/egob/kos/entidadesYorganismos/CentrosCulturales", "tipo_refugio": "centro_cultural" }, "geometry": { "type": "Point", "coordinates": [ -3.671858416387963, 40.386296991431074 ] } },
{ "type": "Feature", "properties": { "title": "Centro Cultural Los Rosales (Villaverde)", "link_href": "http://www.madrid.es/sites/v/index.jsp?vgnextchannel=bfa48ab43d6bb410VgnVCM100000171f5a0aRCRD&vgnextoid=a5b91e79ee71c010VgnVCM1000000b205a0aRCRD", "link_type": "text/html", "link_rel": "alternate", "id": 1973, "content": "<p><a target=\"_blank\" href=\"http://www.madrid.es/sites/v/index.jsp?vgnextchannel=bfa48ab43d6bb410VgnVCM100000171f5a0aRCRD&vgnextoid=a5b91e79ee71c010VgnVCM1000000b205a0aRCRD\" >www.madrid.es</a></p>", "content_type": "html", "category_scheme": "$", "category_term": "https://datos.madrid.es/egob/kos/entidadesYorganismos/CentrosCulturales", "tipo_refugio": "centro_cultural" }, "geometry": { "type": "Point", "coordinates": [ -3.677296127414198, 40.350752200311597 ] } },
{ "type": "Feature", "properties": { "title": "Centro Cultural Mercado de Ibiza (Retiro)", "link_href": "http://www.madrid.es/sites/v/index.jsp?vgnextchannel=bfa48ab43d6bb410VgnVCM100000171f5a0aRCRD&vgnextoid=dbeab973f50e7310VgnVCM1000000b205a0aRCRD", "link_type": "text/html", "link_rel": "alternate", "id": 6469004, "content": "<p><a target=\"_blank\" href=\"http://www.madrid.es/sites/v/index.jsp?vgnextchannel=bfa48ab43d6bb410VgnVCM100000171f5a0aRCRD&vgnextoid=dbeab973f50e7310VgnVCM1000000b205a0aRCRD\" >www.madrid.es</a></p>", "content_type": "html", "category_scheme": "$", "category_term": "https://datos.madrid.es/egob/kos/entidadesYorganismos/CentrosCulturales", "tipo_refugio": "centro_cultural" }, "geometry": { "type": "Point", "coordinates": [ -3.677376337125393, 40.418178720375217 ] } },
{ "type": "Feature", "properties": { "title": "Centro Cultural Meseta de Orcasitas (Usera)", "link_href": "http://www.madrid.es/sites/v/index.jsp?vgnextchannel=bfa48ab43d6bb410VgnVCM100000171f5a0aRCRD&vgnextoid=fbd91e79ee71c010VgnVCM1000000b205a0aRCRD", "link_type": "text/html", "link_rel": "alternate", "id": 1933, "content": "<p><a target=\"_blank\" href=\"http://www.madrid.es/sites/v/index.jsp?vgnextchannel=bfa48ab43d6bb410VgnVCM100000171f5a0aRCRD&vgnextoid=fbd91e79ee71c010VgnVCM1000000b205a0aRCRD\" >www.madrid.es</a></p>", "content_type": "html", "category_scheme": "$", "category_term": "https://datos.madrid.es/egob/kos/entidadesYorganismos/CentrosCulturales", "tipo_refugio": "centro_cultural" }, "geometry": { "type": "Point", "coordinates": [ -3.708117916639182, 40.36969488211539 ] } },
{ "type": "Feature", "properties": { "title": "Centro Cultural Miguel Hernández (Latina)", "link_href": "http://www.madrid.es/sites/v/index.jsp?vgnextchannel=bfa48ab43d6bb410VgnVCM100000171f5a0aRCRD&vgnextoid=420a1e79ee71c010VgnVCM1000000b205a0aRCRD", "link_type": "text/html", "link_rel": "alternate", "id": 1955, "content": "<p>En la misma sede esta ubicada la Sala de Estudios Miguel Hernández.</p><p><a target=\"_blank\" href=\"http://www.madrid.es/sites/v/index.jsp?vgnextchannel=bfa48ab43d6bb410VgnVCM100000171f5a0aRCRD&vgnextoid=420a1e79ee71c010VgnVCM1000000b205a0aRCRD\" >www.madrid.es</a></p>", "content_type": "html", "category_scheme": "$", "category_term": "https://datos.madrid.es/egob/kos/entidadesYorganismos/CentrosCulturales", "tipo_refugio": "centro_cultural" }, "geometry": { "type": "Point", "coordinates": [ -3.781881419323548, 40.378815265789768 ] } },
{ "type": "Feature", "properties": { "title": "Centro Cultural Moncloa (Moncloa - Aravaca) - CERRADO", "link_href": "http://www.madrid.es/sites/v/index.jsp?vgnextchannel=bfa48ab43d6bb410VgnVCM100000171f5a0aRCRD&vgnextoid=982a1e79ee71c010VgnVCM1000000b205a0aRCRD", "link_type": "text/html", "link_rel": "alternate", "id": 1972, "content": "<p><a target=\"_blank\" href=\"http://www.madrid.es/sites/v/index.jsp?vgnextchannel=bfa48ab43d6bb410VgnVCM100000171f5a0aRCRD&vgnextoid=982a1e79ee71c010VgnVCM1000000b205a0aRCRD\" >www.madrid.es</a></p>", "content_type": "html", "category_scheme": "$", "category_term": "https://datos.madrid.es/egob/kos/entidadesYorganismos/CentrosCulturales", "tipo_refugio": "centro_cultural" }, "geometry": { "type": "Point", "coordinates": [ -3.718872513851534, 40.435209440386444 ] } },
{ "type": "Feature", "properties": { "title": "Centro Cultural Nicolás Salmerón (Chamartín)", "link_href": "http://www.madrid.es/sites/v/index.jsp?vgnextchannel=bfa48ab43d6bb410VgnVCM100000171f5a0aRCRD&vgnextoid=ee4a1e79ee71c010VgnVCM1000000b205a0aRCRD", "link_type": "text/html", "link_rel": "alternate", "id": 1932, "content": "<p><a target=\"_blank\" href=\"http://www.madrid.es/sites/v/index.jsp?vgnextchannel=bfa48ab43d6bb410VgnVCM100000171f5a0aRCRD&vgnextoid=ee4a1e79ee71c010VgnVCM1000000b205a0aRCRD\" >www.madrid.es</a></p>", "content_type": "html", "category_scheme": "$", "category_term": "https://datos.madrid.es/egob/kos/entidadesYorganismos/CentrosCulturales", "tipo_refugio": "centro_cultural" }, "geometry": { "type": "Point", "coordinates": [ -3.676199241420353, 40.448341251507919 ] } },
{ "type": "Feature", "properties": { "title": "Centro Cultural Orcasur (Usera)", "link_href": "http://www.madrid.es/sites/v/index.jsp?vgnextchannel=bfa48ab43d6bb410VgnVCM100000171f5a0aRCRD&vgnextoid=8b9a1e79ee71c010VgnVCM1000000b205a0aRCRD", "link_type": "text/html", "link_rel": "alternate", "id": 1934, "content": "<p><a target=\"_blank\" href=\"http://www.madrid.es/sites/v/index.jsp?vgnextchannel=bfa48ab43d6bb410VgnVCM100000171f5a0aRCRD&vgnextoid=8b9a1e79ee71c010VgnVCM1000000b205a0aRCRD\" >www.madrid.es</a></p>", "content_type": "html", "category_scheme": "$", "category_term": "https://datos.madrid.es/egob/kos/entidadesYorganismos/CentrosCulturales", "tipo_refugio": "centro_cultural" }, "geometry": { "type": "Point", "coordinates": [ -3.70113521931168, 40.366772166148415 ] } },
{ "type": "Feature", "properties": { "title": "Centro Cultural Príncipe de Asturias (Ciudad Lineal)", "link_href": "http://www.madrid.es/sites/v/index.jsp?vgnextchannel=bfa48ab43d6bb410VgnVCM100000171f5a0aRCRD&vgnextoid=d1ca1e79ee71c010VgnVCM1000000b205a0aRCRD", "link_type": "text/html", "link_rel": "alternate", "id": 1952, "content": "<p><a target=\"_blank\" href=\"http://www.madrid.es/sites/v/index.jsp?vgnextchannel=bfa48ab43d6bb410VgnVCM100000171f5a0aRCRD&vgnextoid=d1ca1e79ee71c010VgnVCM1000000b205a0aRCRD\" >www.madrid.es</a></p>", "content_type": "html", "category_scheme": "$", "category_term": "https://datos.madrid.es/egob/kos/entidadesYorganismos/CentrosCulturales", "tipo_refugio": "centro_cultural" }, "geometry": { "type": "Point", "coordinates": [ -3.637292426115003, 40.436446510570917 ] } },
{ "type": "Feature", "properties": { "title": "Centro Cultural Puerta de Toledo (Centro)", "link_href": "http://www.madrid.es/sites/v/index.jsp?vgnextchannel=bfa48ab43d6bb410VgnVCM100000171f5a0aRCRD&vgnextoid=28ea1e79ee71c010VgnVCM1000000b205a0aRCRD", "link_type": "text/html", "link_rel": "alternate", "id": 1920, "content": "<p><a target=\"_blank\" href=\"http://www.madrid.es/sites/v/index.jsp?vgnextchannel=bfa48ab43d6bb410VgnVCM100000171f5a0aRCRD&vgnextoid=28ea1e79ee71c010VgnVCM1000000b205a0aRCRD\" >www.madrid.es</a></p>", "content_type": "html", "category_scheme": "$", "category_term": "https://datos.madrid.es/egob/kos/entidadesYorganismos/CentrosCulturales", "tipo_refugio": "centro_cultural" }, "geometry": { "type": "Point", "coordinates": [ -3.711916885689768, 40.407410608306421 ] } },
{ "type": "Feature", "properties": { "title": "Centro Cultural Quinta del Berro - Rafael Altamira (Salamanca)", "link_href": "http://www.madrid.es/sites/v/index.jsp?vgnextchannel=bfa48ab43d6bb410VgnVCM100000171f5a0aRCRD&vgnextoid=bcc7cbf06c81c010VgnVCM1000000b205a0aRCRD", "link_type": "text/html", "link_rel": "alternate", "id": 114978, "content": "<p>Todos los horarios del Centro en más información.</p><p>Horario del centro:   De lunes a domingo, de 8 a 21:30 horas. Festivos cerrado.   Horario secretaría:  De lunes a jueves, de 9 a 14 y de 16 a 18 horas. Viernes, de 9 a 14 horas. Julio y septiembre, de lunes a viernes, de 9 a 14 horas.  Agosto cerrado.  Fuera de este horario el centro permanecerá abierto durante la celebración de las actividades que se programen.</p><p><a target=\"_blank\" href=\"http://www.madrid.es/sites/v/index.jsp?vgnextchannel=bfa48ab43d6bb410VgnVCM100000171f5a0aRCRD&vgnextoid=bcc7cbf06c81c010VgnVCM1000000b205a0aRCRD\" >www.madrid.es</a></p>", "content_type": "html", "category_scheme": "$", "category_term": "https://datos.madrid.es/egob/kos/entidadesYorganismos/CentrosCulturales", "tipo_refugio": "centro_cultural" }, "geometry": { "type": "Point", "coordinates": [ -3.662960804163937, 40.422069234194311 ] } },
{ "type": "Feature", "properties": { "title": "Centro Cultural San Francisco La Prensa (Carabanchel)", "link_href": "http://www.madrid.es/sites/v/index.jsp?vgnextchannel=bfa48ab43d6bb410VgnVCM100000171f5a0aRCRD&vgnextoid=5787e842ec9a6110VgnVCM1000000b205a0aRCRD", "link_type": "text/html", "link_rel": "alternate", "id": 4703422, "content": "<p><a target=\"_blank\" href=\"http://www.madrid.es/sites/v/index.jsp?vgnextchannel=bfa48ab43d6bb410VgnVCM100000171f5a0aRCRD&vgnextoid=5787e842ec9a6110VgnVCM1000000b205a0aRCRD\" >www.madrid.es</a></p>", "content_type": "html", "category_scheme": "$", "category_term": "https://datos.madrid.es/egob/kos/entidadesYorganismos/CentrosCulturales", "tipo_refugio": "centro_cultural" }, "geometry": { "type": "Point", "coordinates": [ -3.741625611380685, 40.376914477880163 ] } },
{ "type": "Feature", "properties": { "title": "Centro Cultural San Juan Bautista (Ciudad Lineal)", "link_href": "http://www.madrid.es/sites/v/index.jsp?vgnextchannel=bfa48ab43d6bb410VgnVCM100000171f5a0aRCRD&vgnextoid=618b1e79ee71c010VgnVCM1000000b205a0aRCRD", "link_type": "text/html", "link_rel": "alternate", "id": 1958, "content": "<p><a target=\"_blank\" href=\"http://www.madrid.es/sites/v/index.jsp?vgnextchannel=bfa48ab43d6bb410VgnVCM100000171f5a0aRCRD&vgnextoid=618b1e79ee71c010VgnVCM1000000b205a0aRCRD\" >www.madrid.es</a></p>", "content_type": "html", "category_scheme": "$", "category_term": "https://datos.madrid.es/egob/kos/entidadesYorganismos/SalasEstudioLectura", "tipo_refugio": "centro_cultural" }, "geometry": { "type": "Point", "coordinates": [ -3.658029027767765, 40.452247101659999 ] } },
{ "type": "Feature", "properties": { "title": "Centro Cultural Sanchinarro (Hortaleza)", "link_href": "http://www.madrid.es/sites/v/index.jsp?vgnextchannel=bfa48ab43d6bb410VgnVCM100000171f5a0aRCRD&vgnextoid=12eb70618510f210VgnVCM1000000b205a0aRCRD", "link_type": "text/html", "link_rel": "alternate", "id": 6018014, "content": "<p><a target=\"_blank\" href=\"http://www.madrid.es/sites/v/index.jsp?vgnextchannel=bfa48ab43d6bb410VgnVCM100000171f5a0aRCRD&vgnextoid=12eb70618510f210VgnVCM1000000b205a0aRCRD\" >www.madrid.es</a></p>", "content_type": "html", "category_scheme": "$", "category_term": "https://datos.madrid.es/egob/kos/entidadesYorganismos/CentrosCulturales", "tipo_refugio": "centro_cultural" }, "geometry": { "type": "Point", "coordinates": [ -3.655346789107985, 40.490422005993068 ] } },
{ "type": "Feature", "properties": { "title": "Centro Cultural Sara Montiel (Latina)", "link_href": "http://www.madrid.es/sites/v/index.jsp?vgnextchannel=bfa48ab43d6bb410VgnVCM100000171f5a0aRCRD&vgnextoid=c957cbf06c81c010VgnVCM1000000b205a0aRCRD", "link_type": "text/html", "link_rel": "alternate", "id": 115404, "content": "<p>En la misma sede está ubicada la sala de estudio Sara Montiel.</p><p><a target=\"_blank\" href=\"http://www.madrid.es/sites/v/index.jsp?vgnextchannel=bfa48ab43d6bb410VgnVCM100000171f5a0aRCRD&vgnextoid=c957cbf06c81c010VgnVCM1000000b205a0aRCRD\" >www.madrid.es</a></p>", "content_type": "html", "category_scheme": "$", "category_term": "https://datos.madrid.es/egob/kos/entidadesYorganismos/CentrosCulturales", "tipo_refugio": "centro_cultural" }, "geometry": { "type": "Point", "coordinates": [ -3.775020201264123, 40.399503555690657 ] } },
{ "type": "Feature", "properties": { "title": "Centro Cultural Usera 1", "link_href": "http://www.madrid.es/sites/v/index.jsp?vgnextchannel=bfa48ab43d6bb410VgnVCM100000171f5a0aRCRD&vgnextoid=54fb1e79ee71c010VgnVCM1000000b205a0aRCRD", "link_type": "text/html", "link_rel": "alternate", "id": 1994, "content": "<p><a target=\"_blank\" href=\"http://www.madrid.es/sites/v/index.jsp?vgnextchannel=bfa48ab43d6bb410VgnVCM100000171f5a0aRCRD&vgnextoid=54fb1e79ee71c010VgnVCM1000000b205a0aRCRD\" >www.madrid.es</a></p>", "content_type": "html", "category_scheme": "$", "category_term": "https://datos.madrid.es/egob/kos/entidadesYorganismos/CentrosCulturales", "tipo_refugio": "centro_cultural" }, "geometry": { "type": "Point", "coordinates": [ -3.711149675992656, 40.381114597104194 ] } },
{ "type": "Feature", "properties": { "title": "Centro Cultural Usera 2", "link_href": "http://www.madrid.es/sites/v/index.jsp?vgnextchannel=bfa48ab43d6bb410VgnVCM100000171f5a0aRCRD&vgnextoid=3cadb2cffdc15410VgnVCM1000000b205a0aRCRD", "link_type": "text/html", "link_rel": "alternate", "id": 7416137, "content": "<p><a target=\"_blank\" href=\"http://www.madrid.es/sites/v/index.jsp?vgnextchannel=bfa48ab43d6bb410VgnVCM100000171f5a0aRCRD&vgnextoid=3cadb2cffdc15410VgnVCM1000000b205a0aRCRD\" >www.madrid.es</a></p>", "content_type": "html", "category_scheme": "$", "category_term": "https://datos.madrid.es/egob/kos/entidadesYorganismos/CentrosCulturales", "tipo_refugio": "centro_cultural" }, "geometry": { "type": "Point", "coordinates": [ -3.709071424745629, 40.384304415851091 ] } },
{ "type": "Feature", "properties": { "title": "Centro Cultural Valdebernardo (Vicálvaro)", "link_href": "http://www.madrid.es/sites/v/index.jsp?vgnextchannel=bfa48ab43d6bb410VgnVCM100000171f5a0aRCRD&vgnextoid=69188899fc81c010VgnVCM1000000b205a0aRCRD", "link_type": "text/html", "link_rel": "alternate", "id": 123948, "content": "<p><a target=\"_blank\" href=\"http://www.madrid.es/sites/v/index.jsp?vgnextchannel=bfa48ab43d6bb410VgnVCM100000171f5a0aRCRD&vgnextoid=69188899fc81c010VgnVCM1000000b205a0aRCRD\" >www.madrid.es</a></p>", "content_type": "html", "category_scheme": "$", "category_term": "https://datos.madrid.es/egob/kos/entidadesYorganismos/CentrosCulturales", "tipo_refugio": "centro_cultural" }, "geometry": { "type": "Point", "coordinates": [ -3.621272026522787, 40.399832138328044 ] } },
{ "type": "Feature", "properties": { "title": "Centro Cultural Zazuar (Villa de Vallecas)", "link_href": "http://www.madrid.es/sites/v/index.jsp?vgnextchannel=bfa48ab43d6bb410VgnVCM100000171f5a0aRCRD&vgnextoid=9d8c1e79ee71c010VgnVCM1000000b205a0aRCRD", "link_type": "text/html", "link_rel": "alternate", "id": 1980, "content": "<p><a target=\"_blank\" href=\"http://www.madrid.es/sites/v/index.jsp?vgnextchannel=bfa48ab43d6bb410VgnVCM100000171f5a0aRCRD&vgnextoid=9d8c1e79ee71c010VgnVCM1000000b205a0aRCRD\" >www.madrid.es</a></p>", "content_type": "html", "category_scheme": "$", "category_term": "https://datos.madrid.es/egob/kos/entidadesYorganismos/CentrosCulturales", "tipo_refugio": "centro_cultural" }, "geometry": { "type": "Point", "coordinates": [ -3.606137707648791, 40.382818669212732 ] } },
{ "type": "Feature", "properties": { "title": "Centro Cultural el Madroño (Vicálvaro)", "link_href": "http://www.madrid.es/sites/v/index.jsp?vgnextchannel=bfa48ab43d6bb410VgnVCM100000171f5a0aRCRD&vgnextoid=57b63d0b5e71c010VgnVCM1000000b205a0aRCRD", "link_type": "text/html", "link_rel": "alternate", "id": 1953, "content": "<p><a target=\"_blank\" href=\"http://www.madrid.es/sites/v/index.jsp?vgnextchannel=bfa48ab43d6bb410VgnVCM100000171f5a0aRCRD&vgnextoid=57b63d0b5e71c010VgnVCM1000000b205a0aRCRD\" >www.madrid.es</a></p>", "content_type": "html", "category_scheme": "$", "category_term": "https://datos.madrid.es/egob/kos/entidadesYorganismos/CentrosCulturales", "tipo_refugio": "centro_cultural" }, "geometry": { "type": "Point", "coordinates": [ -3.608615295992951, 40.405292292742892 ] } },
{ "type": "Feature", "properties": { "title": "Centro Cultural el Torito (Moratalaz)", "link_href": "http://www.madrid.es/sites/v/index.jsp?vgnextchannel=bfa48ab43d6bb410VgnVCM100000171f5a0aRCRD&vgnextoid=f3073d0b5e71c010VgnVCM1000000b205a0aRCRD", "link_type": "text/html", "link_rel": "alternate", "id": 1940, "content": "<p><a target=\"_blank\" href=\"http://www.madrid.es/sites/v/index.jsp?vgnextchannel=bfa48ab43d6bb410VgnVCM100000171f5a0aRCRD&vgnextoid=f3073d0b5e71c010VgnVCM1000000b205a0aRCRD\" >www.madrid.es</a></p>", "content_type": "html", "category_scheme": "$", "category_term": "https://datos.madrid.es/egob/kos/entidadesYorganismos/CentrosCulturales", "tipo_refugio": "centro_cultural" }, "geometry": { "type": "Point", "coordinates": [ -3.646521482592748, 40.406106559944007 ] } },
{ "type": "Feature", "properties": { "title": "Centro Cultural la Elipa (Ciudad Lineal)", "link_href": "http://www.madrid.es/sites/v/index.jsp?vgnextchannel=bfa48ab43d6bb410VgnVCM100000171f5a0aRCRD&vgnextoid=6c191e79ee71c010VgnVCM1000000b205a0aRCRD", "link_type": "text/html", "link_rel": "alternate", "id": 1951, "content": "<p><a target=\"_blank\" href=\"http://www.madrid.es/sites/v/index.jsp?vgnextchannel=bfa48ab43d6bb410VgnVCM100000171f5a0aRCRD&vgnextoid=6c191e79ee71c010VgnVCM1000000b205a0aRCRD\" >www.madrid.es</a></p>", "content_type": "html", "category_scheme": "$", "category_term": "https://datos.madrid.es/egob/kos/entidadesYorganismos/CentrosCulturales", "tipo_refugio": "centro_cultural" }, "geometry": { "type": "Point", "coordinates": [ -3.650420140746592, 40.424469574964093 ] } },
{ "type": "Feature", "properties": { "title": "Centro Danza Matadero - CDM", "link_href": "http://www.madrid.es/sites/v/index.jsp?vgnextchannel=bfa48ab43d6bb410VgnVCM100000171f5a0aRCRD&vgnextoid=2b09c47ca9572910VgnVCM1000001d4a900aRCRD", "link_type": "text/html", "link_rel": "alternate", "id": 12551784, "content": "<p>Centro Danza Matadero - CDM se inspira en los grandes espacios de danza del mundo, que centran su línea editorial en la personalidad creativa de un artista que, en este caso, es María Pagés, artista portadora de una visión que aspira transformar la danza flamenca, arte español hasta la médula, en el hogar de todas las danzas del mundo. La línea editorial desea situar a Matadero Madriden el mundo de la danza, impulsándolo, desde Legazpi, Arganzuela, como un espacio cultural, cívico y resiliente que transforma el patrimonio cultural y humano de Madrid en un valor creativo y ético global.</p><p><a target=\"_blank\" href=\"http://www.madrid.es/sites/v/index.jsp?vgnextchannel=bfa48ab43d6bb410VgnVCM100000171f5a0aRCRD&vgnextoid=2b09c47ca9572910VgnVCM1000001d4a900aRCRD\" >www.madrid.es</a></p>", "content_type": "html", "category_scheme": "$", "category_term": "https://datos.madrid.es/egob/kos/entidadesYorganismos/Teatros", "tipo_refugio": "centro_cultural" }, "geometry": { "type": "Point", "coordinates": [ -3.69720679027189, 40.392457981915364 ] } },
{ "type": "Feature", "properties": { "title": "Centro Dotacional Integrado Arganzuela Ángel del Río", "link_href": "http://www.madrid.es/sites/v/index.jsp?vgnextchannel=bfa48ab43d6bb410VgnVCM100000171f5a0aRCRD&vgnextoid=f9ea79262ef5d010VgnVCM1000000b205a0aRCRD", "link_type": "text/html", "link_rel": "alternate", "id": 80143, "content": "<p>RESERVA ANTICIPADA DE ENTRADAS CENTRO DOTACIONAL INTEGRADO ÁNGEL DEL RÍO: Las reservas de entradas sólo son por vía telefónica en los teléfonos:  91 506 36 10/ 91 506 36 19  Las reservas para Espectáculos de los sábados se realizarán los viernes a partir de las 17:00 horas.  Para el resto de las actividades para las que se requiera una reserva, ésta se realizará el mismo día a partir de las 9:00 horas. Se retirarán hasta 15 minutos antes de la hora de comienzo. A partir de ese momento las entradas que no hayan sido recogidas se repartirán al público presente por riguroso orden de llegada hasta completar aforo.</p><p><a target=\"_blank\" href=\"http://www.madrid.es/sites/v/index.jsp?vgnextchannel=bfa48ab43d6bb410VgnVCM100000171f5a0aRCRD&vgnextoid=f9ea79262ef5d010VgnVCM1000000b205a0aRCRD\" >www.madrid.es</a></p>", "content_type": "html", "category_scheme": "$", "category_term": "https://datos.madrid.es/egob/kos/entidadesYorganismos/CentrosCulturales", "tipo_refugio": "centro_cultural" }, "geometry": { "type": "Point", "coordinates": [ -3.695444006254902, 40.402424165449212 ] } },
{ "type": "Feature", "properties": { "title": "Centro Integrado Santiago Apóstol (Hortaleza)", "link_href": "http://www.madrid.es/sites/v/index.jsp?vgnextchannel=bfa48ab43d6bb410VgnVCM100000171f5a0aRCRD&vgnextoid=38f415a11a81c010VgnVCM1000000b205a0aRCRD", "link_type": "text/html", "link_rel": "alternate", "id": 112637, "content": "<p><a target=\"_blank\" href=\"http://www.madrid.es/sites/v/index.jsp?vgnextchannel=bfa48ab43d6bb410VgnVCM100000171f5a0aRCRD&vgnextoid=38f415a11a81c010VgnVCM1000000b205a0aRCRD\" >www.madrid.es</a></p>", "content_type": "html", "category_scheme": "$", "category_term": "https://datos.madrid.es/egob/kos/entidadesYorganismos/CentrosCulturales", "tipo_refugio": "centro_cultural" }, "geometry": { "type": "Point", "coordinates": [ -3.658119533704527, 40.476084697953802 ] } },
{ "type": "Feature", "properties": { "title": "Centro Intergeneracional Ouka Leele.\nCentro de Ocio y Asesoramiento Juvenil - 2 planta.", "link_href": "http://www.madrid.es/sites/v/index.jsp?vgnextchannel=bfa48ab43d6bb410VgnVCM100000171f5a0aRCRD&vgnextoid=9721133100fbf810VgnVCM1000001d4a900aRCRD", "link_type": "text/html", "link_rel": "alternate", "id": 12383033, "content": "<p>Mira la programación mensual de cada uno de los centros de ocio y asesoramiento juvenil, encontrarás talleres, teatro, actividades, cesiones de espacios para tu música o tus ensayos, exposiciones; además Wifi gratuito, oficinas de información juvenil y un montón de cosas interesantes. Un lugar de encuentro orientado a impulsar el bienestar, la participación activa y el ocio saludable de los jóvenes del distrito. En la planta 2 del Centro Intergeneracional Ouka Leele, el Centro de ocio y asesoramiento juvenil ofrece una variada oferta de talleres, teatro, actividades, cesiones de espacios para tu música o tus ensayos, exposiciones; además Wifi gratuito, oficina de información juvenil y un montón de cosas interesantes. Esta programación se complementa con encuentros intergeneracionales que promueven el intercambio de vivencias, el respeto entre generaciones y la colaboración entre personas de distintas edades, contribuyendo al fortalecimiento del tejido social.  Información sobre las actividades y cesión de espacios   Correo: oukaleele@coajmadrid.es   Teléfono (dinamización):  913 809 582  Móvil/Whatsapp: 660 338 938 Consulta la programación aquí   Para inscribirte en la actividad que más te guste cumplimenta y envía este  formulario.</p><p><a target=\"_blank\" href=\"http://www.madrid.es/sites/v/index.jsp?vgnextchannel=bfa48ab43d6bb410VgnVCM100000171f5a0aRCRD&vgnextoid=9721133100fbf810VgnVCM1000001d4a900aRCRD\" >www.madrid.es</a></p>", "content_type": "html", "category_scheme": "$", "category_term": "https://datos.madrid.es/egob/kos/entidadesYorganismos/OficinasInformacionJuvenil", "tipo_refugio": "centro_cultural" }, "geometry": { "type": "Point", "coordinates": [ -3.688438312639469, 40.389367699255175 ] } },
{ "type": "Feature", "properties": { "title": "Centro Intergeneracional Río Esmeralda", "link_href": "http://www.madrid.es/sites/v/index.jsp?vgnextchannel=bfa48ab43d6bb410VgnVCM100000171f5a0aRCRD&vgnextoid=e73c49677eab0910VgnVCM1000001d4a900aRCRD", "link_type": "text/html", "link_rel": "alternate", "id": 12418106, "content": "<p>Centro del departamento de Servicios Sociales ubicado en el distrito de Puente de Vallecas, en el que personas de todas las edades participan conjuntamente en servicios y programas que se llevan a cabo en el espacio. Actividades para población infantil, juvenil, adulta y mayores. Consulta toda la programación en el siguiente  enlace.</p><p><a target=\"_blank\" href=\"http://www.madrid.es/sites/v/index.jsp?vgnextchannel=bfa48ab43d6bb410VgnVCM100000171f5a0aRCRD&vgnextoid=e73c49677eab0910VgnVCM1000001d4a900aRCRD\" >www.madrid.es</a></p>", "content_type": "html", "category_scheme": "$", "category_term": "https://datos.madrid.es/egob/kos/entidadesYorganismos/CentrosCulturales", "tipo_refugio": "centro_cultural" }, "geometry": { "type": "Point", "coordinates": [ -3.652065839063113, 40.382903228859135 ] } },
{ "type": "Feature", "properties": { "title": "Centro Sefarad - Israel", "link_href": "http://www.madrid.es/sites/v/index.jsp?vgnextchannel=bfa48ab43d6bb410VgnVCM100000171f5a0aRCRD&vgnextoid=9d50215a57131110VgnVCM2000000c205a0aRCRD", "link_type": "text/html", "link_rel": "alternate", "id": 4535757, "content": "<p>Consorcio integrado por el Ministerio de Asuntos Exteriores, Unión Europea y Cooperación, la Comunidad de Madrid y el Ayuntamiento de Madrid. Nuestra misión es promocionar el rico legado sefardí existente en España, divulgar las diferentes manifestaciones de la cultura judía y promover una red de relaciones con nuestros amigos de Israel.</p><p><a target=\"_blank\" href=\"http://www.madrid.es/sites/v/index.jsp?vgnextchannel=bfa48ab43d6bb410VgnVCM100000171f5a0aRCRD&vgnextoid=9d50215a57131110VgnVCM2000000c205a0aRCRD\" >www.madrid.es</a></p>", "content_type": "html", "category_scheme": "$", "category_term": "https://datos.madrid.es/egob/kos/entidadesYorganismos/Consorcios", "tipo_refugio": "centro_cultural" }, "geometry": { "type": "Point", "coordinates": [ -3.711227065575005, 40.415322906288353 ] } },
{ "type": "Feature", "properties": { "title": "Centro Social Comunitario Josefa Amar", "link_href": "http://www.madrid.es/sites/v/index.jsp?vgnextchannel=bfa48ab43d6bb410VgnVCM100000171f5a0aRCRD&vgnextoid=edda0bb16aba6310VgnVCM1000000b205a0aRCRD", "link_type": "text/html", "link_rel": "alternate", "id": 6396299, "content": "<p>El Centro Social Comunitario Josefa Amar de Tetuán es un espacio abierto y flexible en el que se realizan todo tipo de actividades abiertas a la comunidad y dirigidas a la mejora de la calidad de vida y la convivencia. Se ofrece asesoría y apoyo a entidades que desarrollan su labor en el distrito, así como orientación a todas aquellas personas interesadas en participar. Es un espacio comunitario en el que entidades pueden solicitar hacer uso de alguna de sus salas polivalentes para realizar actividades siempre dentro de los objetivos del centro y con autorización previa de la Junta Municipal del Distrito de Tetuán.</p><p><a target=\"_blank\" href=\"http://www.madrid.es/sites/v/index.jsp?vgnextchannel=bfa48ab43d6bb410VgnVCM100000171f5a0aRCRD&vgnextoid=edda0bb16aba6310VgnVCM1000000b205a0aRCRD\" >www.madrid.es</a></p>", "content_type": "html", "category_scheme": "$", "category_term": "https://datos.madrid.es/egob/kos/entidadesYorganismos/CentrosAtencionSocial/CentrosSocialesComunitarios", "tipo_refugio": "centro_cultural" }, "geometry": { "type": "Point", "coordinates": [ -3.694081266064941, 40.473199412529297 ] } },
{ "type": "Feature", "properties": { "title": "Centro Social Polivalente de Vicálvaro", "link_href": "http://www.madrid.es/sites/v/index.jsp?vgnextchannel=bfa48ab43d6bb410VgnVCM100000171f5a0aRCRD&vgnextoid=59c6ca957d152110VgnVCM1000000b205a0aRCRD", "link_type": "text/html", "link_rel": "alternate", "id": 4568753, "content": "<p><a target=\"_blank\" href=\"http://www.madrid.es/sites/v/index.jsp?vgnextchannel=bfa48ab43d6bb410VgnVCM100000171f5a0aRCRD&vgnextoid=59c6ca957d152110VgnVCM1000000b205a0aRCRD\" >www.madrid.es</a></p>", "content_type": "html", "category_scheme": "$", "category_term": "https://datos.madrid.es/egob/kos/entidadesYorganismos/CentrosCulturales", "tipo_refugio": "centro_cultural" }, "geometry": { "type": "Point", "coordinates": [ -3.607017788167654, 40.402492196636018 ] } },
{ "type": "Feature", "properties": { "title": "Centro Sociocultural  Siena (Ciudad Lineal)", "link_href": "http://www.madrid.es/sites/v/index.jsp?vgnextchannel=bfa48ab43d6bb410VgnVCM100000171f5a0aRCRD&vgnextoid=1114c2c6e051c010VgnVCM2000000c205a0aRCRD", "link_type": "text/html", "link_rel": "alternate", "id": 56495, "content": "<p><a target=\"_blank\" href=\"http://www.madrid.es/sites/v/index.jsp?vgnextchannel=bfa48ab43d6bb410VgnVCM100000171f5a0aRCRD&vgnextoid=1114c2c6e051c010VgnVCM2000000c205a0aRCRD\" >www.madrid.es</a></p>", "content_type": "html", "category_scheme": "$", "category_term": "https://datos.madrid.es/egob/kos/entidadesYorganismos/CentrosCulturales", "tipo_refugio": "centro_cultural" }, "geometry": { "type": "Point", "coordinates": [ -3.651871341017642, 40.433168908505294 ] } },
{ "type": "Feature", "properties": { "title": "Centro Sociocultural Alberto Sánchez (Puente de Vallecas)", "link_href": "http://www.madrid.es/sites/v/index.jsp?vgnextchannel=bfa48ab43d6bb410VgnVCM100000171f5a0aRCRD&vgnextoid=20a43d0b5e71c010VgnVCM1000000b205a0aRCRD", "link_type": "text/html", "link_rel": "alternate", "id": 1936, "content": "<p>Consulte normas de acceso a los teatros en información relacionada.</p><p><a target=\"_blank\" href=\"http://www.madrid.es/sites/v/index.jsp?vgnextchannel=bfa48ab43d6bb410VgnVCM100000171f5a0aRCRD&vgnextoid=20a43d0b5e71c010VgnVCM1000000b205a0aRCRD\" >www.madrid.es</a></p>", "content_type": "html", "category_scheme": "$", "category_term": "https://datos.madrid.es/egob/kos/entidadesYorganismos/CentrosCulturales", "tipo_refugio": "centro_cultural" }, "geometry": { "type": "Point", "coordinates": [ -3.655601683510183, 40.393619022093546 ] } },
{ "type": "Feature", "properties": { "title": "Centro Sociocultural Alfonso XII (Fuencarral - El Pardo)", "link_href": "http://www.madrid.es/sites/v/index.jsp?vgnextchannel=bfa48ab43d6bb410VgnVCM100000171f5a0aRCRD&vgnextoid=b7d168540e41c010VgnVCM2000000c205a0aRCRD", "link_type": "text/html", "link_rel": "alternate", "id": 72862, "content": "<p><a target=\"_blank\" href=\"http://www.madrid.es/sites/v/index.jsp?vgnextchannel=bfa48ab43d6bb410VgnVCM100000171f5a0aRCRD&vgnextoid=b7d168540e41c010VgnVCM2000000c205a0aRCRD\" >www.madrid.es</a></p>", "content_type": "html", "category_scheme": "$", "category_term": "https://datos.madrid.es/egob/kos/entidadesYorganismos/CentrosCulturales", "tipo_refugio": "centro_cultural" }, "geometry": { "type": "Point", "coordinates": [ -3.777905568772653, 40.519673311658686 ] } },
{ "type": "Feature", "properties": { "title": "Centro Sociocultural Almirante Churruca (Latina)", "link_href": "http://www.madrid.es/sites/v/index.jsp?vgnextchannel=bfa48ab43d6bb410VgnVCM100000171f5a0aRCRD&vgnextoid=76c43d0b5e71c010VgnVCM1000000b205a0aRCRD", "link_type": "text/html", "link_rel": "alternate", "id": 1990, "content": "<p><a target=\"_blank\" href=\"http://www.madrid.es/sites/v/index.jsp?vgnextchannel=bfa48ab43d6bb410VgnVCM100000171f5a0aRCRD&vgnextoid=76c43d0b5e71c010VgnVCM1000000b205a0aRCRD\" >www.madrid.es</a></p>", "content_type": "html", "category_scheme": "$", "category_term": "https://datos.madrid.es/egob/kos/entidadesYorganismos/CentrosCulturales", "tipo_refugio": "centro_cultural" }, "geometry": { "type": "Point", "coordinates": [ -3.779960235415239, 40.383008989836128 ] } },
{ "type": "Feature", "properties": { "title": "Centro Sociocultural Aula de Aire Libre (Puente de Vallecas)", "link_href": "http://www.madrid.es/sites/v/index.jsp?vgnextchannel=bfa48ab43d6bb410VgnVCM100000171f5a0aRCRD&vgnextoid=314e1e79ee71c010VgnVCM1000000b205a0aRCRD", "link_type": "text/html", "link_rel": "alternate", "id": 1974, "content": "<p><a target=\"_blank\" href=\"http://www.madrid.es/sites/v/index.jsp?vgnextchannel=bfa48ab43d6bb410VgnVCM100000171f5a0aRCRD&vgnextoid=314e1e79ee71c010VgnVCM1000000b205a0aRCRD\" >www.madrid.es</a></p>", "content_type": "html", "category_scheme": "$", "category_term": "https://datos.madrid.es/egob/kos/entidadesYorganismos/CentrosCulturales", "tipo_refugio": "centro_cultural" }, "geometry": { "type": "Point", "coordinates": [ -3.665323571696002, 40.39010138870244 ] } },
{ "type": "Feature", "properties": { "title": "Centro Sociocultural Blasco Ibáñez (Carabanchel)", "link_href": "http://www.madrid.es/sites/v/index.jsp?vgnextchannel=bfa48ab43d6bb410VgnVCM100000171f5a0aRCRD&vgnextoid=fb453d0b5e71c010VgnVCM1000000b205a0aRCRD", "link_type": "text/html", "link_rel": "alternate", "id": 1927, "content": "<p><a target=\"_blank\" href=\"http://www.madrid.es/sites/v/index.jsp?vgnextchannel=bfa48ab43d6bb410VgnVCM100000171f5a0aRCRD&vgnextoid=fb453d0b5e71c010VgnVCM1000000b205a0aRCRD\" >www.madrid.es</a></p>", "content_type": "html", "category_scheme": "$", "category_term": "https://datos.madrid.es/egob/kos/entidadesYorganismos/CentrosCulturales", "tipo_refugio": "centro_cultural" }, "geometry": { "type": "Point", "coordinates": [ -3.732763402514225, 40.394961025902049 ] } },
{ "type": "Feature", "properties": { "title": "Centro Sociocultural Bohemios (Villaverde)", "link_href": "http://www.madrid.es/sites/v/index.jsp?vgnextchannel=bfa48ab43d6bb410VgnVCM100000171f5a0aRCRD&vgnextoid=42753d0b5e71c010VgnVCM1000000b205a0aRCRD", "link_type": "text/html", "link_rel": "alternate", "id": 1949, "content": "<p><a target=\"_blank\" href=\"http://www.madrid.es/sites/v/index.jsp?vgnextchannel=bfa48ab43d6bb410VgnVCM100000171f5a0aRCRD&vgnextoid=42753d0b5e71c010VgnVCM1000000b205a0aRCRD\" >www.madrid.es</a></p>", "content_type": "html", "category_scheme": "$", "category_term": "https://datos.madrid.es/egob/kos/entidadesYorganismos/CentrosCulturales", "tipo_refugio": "centro_cultural" }, "geometry": { "type": "Point", "coordinates": [ -3.694050184661089, 40.356396542518858 ] } },
{ "type": "Feature", "properties": { "title": "Centro Sociocultural Ciudad Lineal", "link_href": "http://www.madrid.es/sites/v/index.jsp?vgnextchannel=bfa48ab43d6bb410VgnVCM100000171f5a0aRCRD&vgnextoid=16f81e79ee71c010VgnVCM1000000b205a0aRCRD", "link_type": "text/html", "link_rel": "alternate", "id": 1967, "content": "<p><a target=\"_blank\" href=\"http://www.madrid.es/sites/v/index.jsp?vgnextchannel=bfa48ab43d6bb410VgnVCM100000171f5a0aRCRD&vgnextoid=16f81e79ee71c010VgnVCM1000000b205a0aRCRD\" >www.madrid.es</a></p>", "content_type": "html", "category_scheme": "$", "category_term": "https://datos.madrid.es/egob/kos/entidadesYorganismos/CentrosCulturales", "tipo_refugio": "centro_cultural" }, "geometry": { "type": "Point", "coordinates": [ -3.651680076113881, 40.422857157688732 ] } },
{ "type": "Feature", "properties": { "title": "Centro Sociocultural Clara Campoamor (Retiro)", "link_href": "http://www.madrid.es/sites/v/index.jsp?vgnextchannel=bfa48ab43d6bb410VgnVCM100000171f5a0aRCRD&vgnextoid=0c057ab5c83db510VgnVCM2000001f4a900aRCRD", "link_type": "text/html", "link_rel": "alternate", "id": 10344149, "content": "<p>El Centro Sociocultural Clara Campoamor se encuentra en uno de los edificios de la Junta Municipal del Distrito de Retiro (el edificio más moderno). En este edificio, además del Centro Sociocultural se encuentran las oficinas de Línea Madrid y los despachos de los grupos políticos de la Junta.</p><p><a target=\"_blank\" href=\"http://www.madrid.es/sites/v/index.jsp?vgnextchannel=bfa48ab43d6bb410VgnVCM100000171f5a0aRCRD&vgnextoid=0c057ab5c83db510VgnVCM2000001f4a900aRCRD\" >www.madrid.es</a></p>", "content_type": "html", "category_scheme": "$", "category_term": "https://datos.madrid.es/egob/kos/entidadesYorganismos/CentrosCulturales", "tipo_refugio": "centro_cultural" }, "geometry": { "type": "Point", "coordinates": [ -3.677655206290768, 40.401997713964725 ] } },
{ "type": "Feature", "properties": { "title": "Centro Sociocultural Cánovas del Castillo (Usera)", "link_href": "http://www.madrid.es/sites/v/index.jsp?vgnextchannel=bfa48ab43d6bb410VgnVCM100000171f5a0aRCRD&vgnextoid=1087cbf06c81c010VgnVCM1000000b205a0aRCRD", "link_type": "text/html", "link_rel": "alternate", "id": 118935, "content": "<p><a target=\"_blank\" href=\"http://www.madrid.es/sites/v/index.jsp?vgnextchannel=bfa48ab43d6bb410VgnVCM100000171f5a0aRCRD&vgnextoid=1087cbf06c81c010VgnVCM1000000b205a0aRCRD\" >www.madrid.es</a></p>", "content_type": "html", "category_scheme": "$", "category_term": "https://datos.madrid.es/egob/kos/entidadesYorganismos/CentrosCulturales", "tipo_refugio": "centro_cultural" }, "geometry": { "type": "Point", "coordinates": [ -3.700074755609488, 40.386273123790311 ] } },
{ "type": "Feature", "properties": { "title": "Centro Sociocultural Eduardo Chillida (Moratalaz)", "link_href": "http://www.madrid.es/sites/v/index.jsp?vgnextchannel=bfa48ab43d6bb410VgnVCM100000171f5a0aRCRD&vgnextoid=01963d0b5e71c010VgnVCM1000000b205a0aRCRD", "link_type": "text/html", "link_rel": "alternate", "id": 1941, "content": "<p><a target=\"_blank\" href=\"http://www.madrid.es/sites/v/index.jsp?vgnextchannel=bfa48ab43d6bb410VgnVCM100000171f5a0aRCRD&vgnextoid=01963d0b5e71c010VgnVCM1000000b205a0aRCRD\" >www.madrid.es</a></p>", "content_type": "html", "category_scheme": "$", "category_term": "https://datos.madrid.es/egob/kos/entidadesYorganismos/CentrosCulturales", "tipo_refugio": "centro_cultural" }, "geometry": { "type": "Point", "coordinates": [ -3.653036718771371, 40.409344833538348 ] } },
{ "type": "Feature", "properties": { "title": "Centro Sociocultural El Greco (Latina)", "link_href": "http://www.madrid.es/sites/v/index.jsp?vgnextchannel=bfa48ab43d6bb410VgnVCM100000171f5a0aRCRD&vgnextoid=cae2b3e42751c010VgnVCM2000000c205a0aRCRD", "link_type": "text/html", "link_rel": "alternate", "id": 26904, "content": "<p><a target=\"_blank\" href=\"http://www.madrid.es/sites/v/index.jsp?vgnextchannel=bfa48ab43d6bb410VgnVCM100000171f5a0aRCRD&vgnextoid=cae2b3e42751c010VgnVCM2000000c205a0aRCRD\" >www.madrid.es</a></p>", "content_type": "html", "category_scheme": "$", "category_term": "https://datos.madrid.es/egob/kos/entidadesYorganismos/CentrosCulturales", "tipo_refugio": "centro_cultural" }, "geometry": { "type": "Point", "coordinates": [ -3.747465416906973, 40.407316328180464 ] } },
{ "type": "Feature", "properties": { "title": "Centro Sociocultural Francisco Fatou (Villa de Vallecas)", "link_href": "http://www.madrid.es/sites/v/index.jsp?vgnextchannel=bfa48ab43d6bb410VgnVCM100000171f5a0aRCRD&vgnextoid=d9e73d0b5e71c010VgnVCM1000000b205a0aRCRD", "link_type": "text/html", "link_rel": "alternate", "id": 1944, "content": "<p><a target=\"_blank\" href=\"http://www.madrid.es/sites/v/index.jsp?vgnextchannel=bfa48ab43d6bb410VgnVCM100000171f5a0aRCRD&vgnextoid=d9e73d0b5e71c010VgnVCM1000000b205a0aRCRD\" >www.madrid.es</a></p>", "content_type": "html", "category_scheme": "$", "category_term": "https://datos.madrid.es/egob/kos/entidadesYorganismos/CentrosCulturales", "tipo_refugio": "centro_cultural" }, "geometry": { "type": "Point", "coordinates": [ -3.62310875744905, 40.379590320986559 ] } },
{ "type": "Feature", "properties": { "title": "Centro Sociocultural García Lorca (Carabanchel)", "link_href": "http://www.madrid.es/sites/v/index.jsp?vgnextchannel=bfa48ab43d6bb410VgnVCM100000171f5a0aRCRD&vgnextoid=e6773d0b5e71c010VgnVCM1000000b205a0aRCRD", "link_type": "text/html", "link_rel": "alternate", "id": 1926, "content": "<p><a target=\"_blank\" href=\"http://www.madrid.es/sites/v/index.jsp?vgnextchannel=bfa48ab43d6bb410VgnVCM100000171f5a0aRCRD&vgnextoid=e6773d0b5e71c010VgnVCM1000000b205a0aRCRD\" >www.madrid.es</a></p>", "content_type": "html", "category_scheme": "$", "category_term": "https://datos.madrid.es/egob/kos/entidadesYorganismos/CentrosCulturales", "tipo_refugio": "centro_cultural" }, "geometry": { "type": "Point", "coordinates": [ -3.751028391028387, 40.374208184505001 ] } },
{ "type": "Feature", "properties": { "title": "Centro Sociocultural José de Espronceda (Tetuán)", "link_href": "http://www.madrid.es/sites/v/index.jsp?vgnextchannel=bfa48ab43d6bb410VgnVCM100000171f5a0aRCRD&vgnextoid=23881e79ee71c010VgnVCM1000000b205a0aRCRD", "link_type": "text/html", "link_rel": "alternate", "id": 1947, "content": "<p><a target=\"_blank\" href=\"http://www.madrid.es/sites/v/index.jsp?vgnextchannel=bfa48ab43d6bb410VgnVCM100000171f5a0aRCRD&vgnextoid=23881e79ee71c010VgnVCM1000000b205a0aRCRD\" >www.madrid.es</a></p>", "content_type": "html", "category_scheme": "$", "category_term": "https://datos.madrid.es/egob/kos/entidadesYorganismos/CentrosCulturales", "tipo_refugio": "centro_cultural" }, "geometry": { "type": "Point", "coordinates": [ -3.704513191828797, 40.448643327587753 ] } },
{ "type": "Feature", "properties": { "title": "Centro Sociocultural Juvenil de Moratalaz", "link_href": "http://www.madrid.es/sites/v/index.jsp?vgnextchannel=bfa48ab43d6bb410VgnVCM100000171f5a0aRCRD&vgnextoid=bf388899fc81c010VgnVCM1000000b205a0aRCRD", "link_type": "text/html", "link_rel": "alternate", "id": 124354, "content": "<p>HORARIOS DE VERANO   Julio:   De lunes a viernes, de 9:05 a 13:50 y de 15:05 a 20:50 horas. Sábados, de 16:05 a 21:50 Domingos y festivos cerrado.   Agosto:   De lunes a viernes, de 9:05 a 13:50 y de 15:05 a 20:50 Sábados, domingos y festivos cerrado.   Plan de calor-refugio climático:   De lunes a viernes, de 9:05 a 20:50 horas ininterrumpidamente. Julio: sábados, de 16:05 a 21 horas ininterrumpidamente. Domingos, festivos y sábados de agosto cerrado.</p><p><a target=\"_blank\" href=\"http://www.madrid.es/sites/v/index.jsp?vgnextchannel=bfa48ab43d6bb410VgnVCM100000171f5a0aRCRD&vgnextoid=bf388899fc81c010VgnVCM1000000b205a0aRCRD\" >www.madrid.es</a></p>", "content_type": "html", "category_scheme": "$", "category_term": "https://datos.madrid.es/egob/kos/entidadesYorganismos/CentrosCulturales", "tipo_refugio": "centro_cultural" }, "geometry": { "type": "Point", "coordinates": [ -3.636600379403484, 40.39928542551079 ] } },
{ "type": "Feature", "properties": { "title": "Centro Sociocultural Juvenil de Usera", "link_href": "http://www.madrid.es/sites/v/index.jsp?vgnextchannel=bfa48ab43d6bb410VgnVCM100000171f5a0aRCRD&vgnextoid=876e1e79ee71c010VgnVCM1000000b205a0aRCRD", "link_type": "text/html", "link_rel": "alternate", "id": 1965, "content": "<p><a target=\"_blank\" href=\"http://www.madrid.es/sites/v/index.jsp?vgnextchannel=bfa48ab43d6bb410VgnVCM100000171f5a0aRCRD&vgnextoid=876e1e79ee71c010VgnVCM1000000b205a0aRCRD\" >www.madrid.es</a></p>", "content_type": "html", "category_scheme": "$", "category_term": "https://datos.madrid.es/egob/kos/entidadesYorganismos/CentrosCulturales", "tipo_refugio": "centro_cultural" }, "geometry": { "type": "Point", "coordinates": [ -3.707459143903564, 40.389865870500543 ] } },
{ "type": "Feature", "properties": { "title": "Centro Sociocultural Las Tablas (Fuencarral - El Pardo)", "link_href": "http://www.madrid.es/sites/v/index.jsp?vgnextchannel=bfa48ab43d6bb410VgnVCM100000171f5a0aRCRD&vgnextoid=f766b6f6751c2710VgnVCM1000001d4a900aRCRD", "link_type": "text/html", "link_rel": "alternate", "id": 11189796, "content": "<p>Teléfono 915 886 883 Correo electrónico cultufuencarral@madrid.es</p><p><a target=\"_blank\" href=\"http://www.madrid.es/sites/v/index.jsp?vgnextchannel=bfa48ab43d6bb410VgnVCM100000171f5a0aRCRD&vgnextoid=f766b6f6751c2710VgnVCM1000001d4a900aRCRD\" >www.madrid.es</a></p>", "content_type": "html", "category_scheme": "$", "category_term": "https://datos.madrid.es/egob/kos/entidadesYorganismos/CentrosCulturales", "tipo_refugio": "centro_cultural" }, "geometry": { "type": "Point", "coordinates": [ -3.674217384466461, 40.496178544904275 ] } },
{ "type": "Feature", "properties": { "title": "Centro Sociocultural Latina", "link_href": "http://www.madrid.es/sites/v/index.jsp?vgnextchannel=bfa48ab43d6bb410VgnVCM100000171f5a0aRCRD&vgnextoid=a4ed8899fc81c010VgnVCM1000000b205a0aRCRD", "link_type": "text/html", "link_rel": "alternate", "id": 102131, "content": "<p>En la misma sede:   Sala de Estudio Latina.</p><p><a target=\"_blank\" href=\"http://www.madrid.es/sites/v/index.jsp?vgnextchannel=bfa48ab43d6bb410VgnVCM100000171f5a0aRCRD&vgnextoid=a4ed8899fc81c010VgnVCM1000000b205a0aRCRD\" >www.madrid.es</a></p>", "content_type": "html", "category_scheme": "$", "category_term": "https://datos.madrid.es/egob/kos/entidadesYorganismos/CentrosCulturales", "tipo_refugio": "centro_cultural" }, "geometry": { "type": "Point", "coordinates": [ -3.765949244875905, 40.379636647101798 ] } },
{ "type": "Feature", "properties": { "title": "Centro Sociocultural Luis Gonzaga (Chamartín)", "link_href": "http://www.madrid.es/sites/v/index.jsp?vgnextchannel=bfa48ab43d6bb410VgnVCM100000171f5a0aRCRD&vgnextoid=ba8b3d232e91f010VgnVCM1000000b205a0aRCRD", "link_type": "text/html", "link_rel": "alternate", "id": 1961, "content": "<p><a target=\"_blank\" href=\"http://www.madrid.es/sites/v/index.jsp?vgnextchannel=bfa48ab43d6bb410VgnVCM100000171f5a0aRCRD&vgnextoid=ba8b3d232e91f010VgnVCM1000000b205a0aRCRD\" >www.madrid.es</a></p>", "content_type": "html", "category_scheme": "$", "category_term": "https://datos.madrid.es/egob/kos/entidadesYorganismos/CentrosCulturales", "tipo_refugio": "centro_cultural" }, "geometry": { "type": "Point", "coordinates": [ -3.678078836340453, 40.444902405213526 ] } },
{ "type": "Feature", "properties": { "title": "Centro Sociocultural Maestro Alonso (Salamanca)", "link_href": "http://www.madrid.es/sites/v/index.jsp?vgnextchannel=bfa48ab43d6bb410VgnVCM100000171f5a0aRCRD&vgnextoid=783f1e79ee71c010VgnVCM1000000b205a0aRCRD", "link_type": "text/html", "link_rel": "alternate", "id": 1909, "content": "<p><a target=\"_blank\" href=\"http://www.madrid.es/sites/v/index.jsp?vgnextchannel=bfa48ab43d6bb410VgnVCM100000171f5a0aRCRD&vgnextoid=783f1e79ee71c010VgnVCM1000000b205a0aRCRD\" >www.madrid.es</a></p>", "content_type": "html", "category_scheme": "$", "category_term": "https://datos.madrid.es/egob/kos/entidadesYorganismos/CentrosCulturales", "tipo_refugio": "centro_cultural" }, "geometry": { "type": "Point", "coordinates": [ -3.664846244443566, 40.429392757105298 ] } },
{ "type": "Feature", "properties": { "title": "Centro Sociocultural Marconi (Villaverde)", "link_href": "http://www.madrid.es/sites/v/index.jsp?vgnextchannel=bfa48ab43d6bb410VgnVCM100000171f5a0aRCRD&vgnextoid=6cb0085f5181c010VgnVCM1000000b205a0aRCRD", "link_type": "text/html", "link_rel": "alternate", "id": 170066, "content": "<p><a target=\"_blank\" href=\"http://www.madrid.es/sites/v/index.jsp?vgnextchannel=bfa48ab43d6bb410VgnVCM100000171f5a0aRCRD&vgnextoid=6cb0085f5181c010VgnVCM1000000b205a0aRCRD\" >www.madrid.es</a></p>", "content_type": "html", "category_scheme": "$", "category_term": "https://datos.madrid.es/egob/kos/entidadesYorganismos/CentrosCulturales", "tipo_refugio": "centro_cultural" }, "geometry": { "type": "Point", "coordinates": [ -3.700803721733827, 40.334755854252798 ] } },
{ "type": "Feature", "properties": { "title": "Centro Sociocultural Miguel de Cervantes (San Blas - Canillejas)", "link_href": "http://www.madrid.es/sites/v/index.jsp?vgnextchannel=bfa48ab43d6bb410VgnVCM100000171f5a0aRCRD&vgnextoid=24be1e79ee71c010VgnVCM1000000b205a0aRCRD", "link_type": "text/html", "link_rel": "alternate", "id": 1970, "content": "<p><a target=\"_blank\" href=\"http://www.madrid.es/sites/v/index.jsp?vgnextchannel=bfa48ab43d6bb410VgnVCM100000171f5a0aRCRD&vgnextoid=24be1e79ee71c010VgnVCM1000000b205a0aRCRD\" >www.madrid.es</a></p>", "content_type": "html", "category_scheme": "$", "category_term": "https://datos.madrid.es/egob/kos/entidadesYorganismos/CentrosCulturales", "tipo_refugio": "centro_cultural" }, "geometry": { "type": "Point", "coordinates": [ -3.611351728229922, 40.436655702028297 ] } },
{ "type": "Feature", "properties": { "title": "Centro Sociocultural Montecarmelo (Fuencarral - El Pardo)", "link_href": "http://www.madrid.es/sites/v/index.jsp?vgnextchannel=bfa48ab43d6bb410VgnVCM100000171f5a0aRCRD&vgnextoid=30f2b51ae6295210VgnVCM2000000c205a0aRCRD", "link_type": "text/html", "link_rel": "alternate", "id": 5514552, "content": "<p>Sala de exposiciones Salón de Actos Sala de lectura y estudio Centro de Interpretación de la Naturaleza Wi-Fi público</p><p><a target=\"_blank\" href=\"http://www.madrid.es/sites/v/index.jsp?vgnextchannel=bfa48ab43d6bb410VgnVCM100000171f5a0aRCRD&vgnextoid=30f2b51ae6295210VgnVCM2000000c205a0aRCRD\" >www.madrid.es</a></p>", "content_type": "html", "category_scheme": "$", "category_term": "https://datos.madrid.es/egob/kos/entidadesYorganismos/CentrosCulturales", "tipo_refugio": "centro_cultural" }, "geometry": { "type": "Point", "coordinates": [ -3.686053289535445, 40.515712291624084 ] } },
{ "type": "Feature", "properties": { "title": "Centro Sociocultural Oporto (Carabanchel)", "link_href": "http://www.madrid.es/sites/v/index.jsp?vgnextchannel=bfa48ab43d6bb410VgnVCM100000171f5a0aRCRD&vgnextoid=357a1e79ee71c010VgnVCM1000000b205a0aRCRD", "link_type": "text/html", "link_rel": "alternate", "id": 1964, "content": "<p><a target=\"_blank\" href=\"http://www.madrid.es/sites/v/index.jsp?vgnextchannel=bfa48ab43d6bb410VgnVCM100000171f5a0aRCRD&vgnextoid=357a1e79ee71c010VgnVCM1000000b205a0aRCRD\" >www.madrid.es</a></p>", "content_type": "html", "category_scheme": "$", "category_term": "https://datos.madrid.es/egob/kos/entidadesYorganismos/CentrosCulturales", "tipo_refugio": "centro_cultural" }, "geometry": { "type": "Point", "coordinates": [ -3.727749306626241, 40.386827407565413 ] } },
{ "type": "Feature", "properties": { "title": "Centro Sociocultural Rafael de León (Fuencarral - El Pardo)", "link_href": "http://www.madrid.es/sites/v/index.jsp?vgnextchannel=bfa48ab43d6bb410VgnVCM100000171f5a0aRCRD&vgnextoid=7e0b1e79ee71c010VgnVCM1000000b205a0aRCRD", "link_type": "text/html", "link_rel": "alternate", "id": 1924, "content": "<p>Teléfono de secretaría 917 310 351</p><p><a target=\"_blank\" href=\"http://www.madrid.es/sites/v/index.jsp?vgnextchannel=bfa48ab43d6bb410VgnVCM100000171f5a0aRCRD&vgnextoid=7e0b1e79ee71c010VgnVCM1000000b205a0aRCRD\" >www.madrid.es</a></p>", "content_type": "html", "category_scheme": "$", "category_term": "https://datos.madrid.es/egob/kos/entidadesYorganismos/CentrosCulturales", "tipo_refugio": "centro_cultural" }, "geometry": { "type": "Point", "coordinates": [ -3.721468677795297, 40.48025613358832 ] } },
{ "type": "Feature", "properties": { "title": "Centro Sociocultural Rosario de Acuña (Latina)", "link_href": "http://www.madrid.es/sites/v/index.jsp?vgnextchannel=bfa48ab43d6bb410VgnVCM100000171f5a0aRCRD&vgnextoid=2bae598d1351c010VgnVCM1000000b205a0aRCRD", "link_type": "text/html", "link_rel": "alternate", "id": 43311, "content": "<p>En la misma sede están ubicadas las salas de estudio 'Escritor Pedro de Répide' y 'Arquitecto Juan de Herrera' con 16 puestos de lectura cada una.</p><p><a target=\"_blank\" href=\"http://www.madrid.es/sites/v/index.jsp?vgnextchannel=bfa48ab43d6bb410VgnVCM100000171f5a0aRCRD&vgnextoid=2bae598d1351c010VgnVCM1000000b205a0aRCRD\" >www.madrid.es</a></p>", "content_type": "html", "category_scheme": "$", "category_term": "https://datos.madrid.es/egob/kos/entidadesYorganismos/CentrosCulturales", "tipo_refugio": "centro_cultural" }, "geometry": { "type": "Point", "coordinates": [ -3.732701092024204, 40.40647389284976 ] } },
{ "type": "Feature", "properties": { "title": "Centro Sociocultural San Cristóbal de los Ángeles (Villaverde)", "link_href": "http://www.madrid.es/sites/v/index.jsp?vgnextchannel=bfa48ab43d6bb410VgnVCM100000171f5a0aRCRD&vgnextoid=7f4a79262ef5d010VgnVCM1000000b205a0aRCRD", "link_type": "text/html", "link_rel": "alternate", "id": 1950, "content": "<p><a target=\"_blank\" href=\"http://www.madrid.es/sites/v/index.jsp?vgnextchannel=bfa48ab43d6bb410VgnVCM100000171f5a0aRCRD&vgnextoid=7f4a79262ef5d010VgnVCM1000000b205a0aRCRD\" >www.madrid.es</a></p>", "content_type": "html", "category_scheme": "$", "category_term": "https://datos.madrid.es/egob/kos/entidadesYorganismos/CentrosCulturales", "tipo_refugio": "centro_cultural" }, "geometry": { "type": "Point", "coordinates": [ -3.691440254981287, 40.342683604391461 ] } },
{ "type": "Feature", "properties": { "title": "Centro Sociocultural San Fermín (Usera)", "link_href": "http://www.madrid.es/sites/v/index.jsp?vgnextchannel=bfa48ab43d6bb410VgnVCM100000171f5a0aRCRD&vgnextoid=1b5b1e79ee71c010VgnVCM1000000b205a0aRCRD", "link_type": "text/html", "link_rel": "alternate", "id": 1935, "content": "<p><a target=\"_blank\" href=\"http://www.madrid.es/sites/v/index.jsp?vgnextchannel=bfa48ab43d6bb410VgnVCM100000171f5a0aRCRD&vgnextoid=1b5b1e79ee71c010VgnVCM1000000b205a0aRCRD\" >www.madrid.es</a></p>", "content_type": "html", "category_scheme": "$", "category_term": "https://datos.madrid.es/egob/kos/entidadesYorganismos/CentrosCulturales", "tipo_refugio": "centro_cultural" }, "geometry": { "type": "Point", "coordinates": [ -3.692056897625109, 40.371654294908154 ] } },
{ "type": "Feature", "properties": { "title": "Centro Sociocultural Santa Petronila (Villaverde)", "link_href": "http://www.madrid.es/sites/v/index.jsp?vgnextchannel=bfa48ab43d6bb410VgnVCM100000171f5a0aRCRD&vgnextoid=03f7cbf06c81c010VgnVCM1000000b205a0aRCRD", "link_type": "text/html", "link_rel": "alternate", "id": 117716, "content": "<p>En la misma sede se encuentra la Oficina de información juvenil y el Espacio de Igualdad Clara Campoamor.</p><p><a target=\"_blank\" href=\"http://www.madrid.es/sites/v/index.jsp?vgnextchannel=bfa48ab43d6bb410VgnVCM100000171f5a0aRCRD&vgnextoid=03f7cbf06c81c010VgnVCM1000000b205a0aRCRD\" >www.madrid.es</a></p>", "content_type": "html", "category_scheme": "$", "category_term": "https://datos.madrid.es/egob/kos/entidadesYorganismos/CentrosCulturales", "tipo_refugio": "centro_cultural" }, "geometry": { "type": "Point", "coordinates": [ -3.691498125440964, 40.350886994103284 ] } },
{ "type": "Feature", "properties": { "title": "Centro Sociocultural Talleres de Creatividad (Puente de Vallecas)", "link_href": "http://www.madrid.es/sites/v/index.jsp?vgnextchannel=bfa48ab43d6bb410VgnVCM100000171f5a0aRCRD&vgnextoid=b7ab1e79ee71c010VgnVCM1000000b205a0aRCRD", "link_type": "text/html", "link_rel": "alternate", "id": 1937, "content": "<p><a target=\"_blank\" href=\"http://www.madrid.es/sites/v/index.jsp?vgnextchannel=bfa48ab43d6bb410VgnVCM100000171f5a0aRCRD&vgnextoid=b7ab1e79ee71c010VgnVCM1000000b205a0aRCRD\" >www.madrid.es</a></p>", "content_type": "html", "category_scheme": "$", "category_term": "https://datos.madrid.es/egob/kos/entidadesYorganismos/CentrosCulturales", "tipo_refugio": "centro_cultural" }, "geometry": { "type": "Point", "coordinates": [ -3.665323571696002, 40.39010138870244 ] } },
{ "type": "Feature", "properties": { "title": "Centro Sociocultural Teresa de Calcuta (Barajas)", "link_href": "http://www.madrid.es/sites/v/index.jsp?vgnextchannel=bfa48ab43d6bb410VgnVCM100000171f5a0aRCRD&vgnextoid=f50e1e79ee71c010VgnVCM1000000b205a0aRCRD", "link_type": "text/html", "link_rel": "alternate", "id": 1971, "content": "<p><a target=\"_blank\" href=\"http://www.madrid.es/sites/v/index.jsp?vgnextchannel=bfa48ab43d6bb410VgnVCM100000171f5a0aRCRD&vgnextoid=f50e1e79ee71c010VgnVCM1000000b205a0aRCRD\" >www.madrid.es</a></p>", "content_type": "html", "category_scheme": "$", "category_term": "https://datos.madrid.es/egob/kos/entidadesYorganismos/CentrosCulturales", "tipo_refugio": "centro_cultural" }, "geometry": { "type": "Point", "coordinates": [ -3.587630185846939, 40.455320740232835 ] } },
{ "type": "Feature", "properties": { "title": "Centro Sociocultural Tetuán", "link_href": "http://www.madrid.es/sites/v/index.jsp?vgnextchannel=bfa48ab43d6bb410VgnVCM100000171f5a0aRCRD&vgnextoid=0ecb1e79ee71c010VgnVCM1000000b205a0aRCRD", "link_type": "text/html", "link_rel": "alternate", "id": 1948, "content": "<p><a target=\"_blank\" href=\"http://www.madrid.es/sites/v/index.jsp?vgnextchannel=bfa48ab43d6bb410VgnVCM100000171f5a0aRCRD&vgnextoid=0ecb1e79ee71c010VgnVCM1000000b205a0aRCRD\" >www.madrid.es</a></p>", "content_type": "html", "category_scheme": "$", "category_term": "https://datos.madrid.es/egob/kos/entidadesYorganismos/CentrosCulturales", "tipo_refugio": "centro_cultural" }, "geometry": { "type": "Point", "coordinates": [ -3.700253214621304, 40.459079095806288 ] } },
{ "type": "Feature", "properties": { "title": "Centro Sociocultural Valle Inclán (Fuencarral - El Pardo)", "link_href": "http://www.madrid.es/sites/v/index.jsp?vgnextchannel=bfa48ab43d6bb410VgnVCM100000171f5a0aRCRD&vgnextoid=aa1c1e79ee71c010VgnVCM1000000b205a0aRCRD", "link_type": "text/html", "link_rel": "alternate", "id": 1923, "content": "<p>Teléfono de secretaría 913 230 805</p><p><a target=\"_blank\" href=\"http://www.madrid.es/sites/v/index.jsp?vgnextchannel=bfa48ab43d6bb410VgnVCM100000171f5a0aRCRD&vgnextoid=aa1c1e79ee71c010VgnVCM1000000b205a0aRCRD\" >www.madrid.es</a></p>", "content_type": "html", "category_scheme": "$", "category_term": "https://datos.madrid.es/egob/kos/entidadesYorganismos/CentrosCulturales", "tipo_refugio": "centro_cultural" }, "geometry": { "type": "Point", "coordinates": [ -3.69335046287061, 40.481067874165277 ] } },
{ "type": "Feature", "properties": { "title": "Centro Sociocultural Valverde (Fuencarral - El Pardo)", "link_href": "http://www.madrid.es/sites/v/index.jsp?vgnextchannel=bfa48ab43d6bb410VgnVCM100000171f5a0aRCRD&vgnextoid=f04c1e79ee71c010VgnVCM1000000b205a0aRCRD", "link_type": "text/html", "link_rel": "alternate", "id": 1908, "content": "<p><a target=\"_blank\" href=\"http://www.madrid.es/sites/v/index.jsp?vgnextchannel=bfa48ab43d6bb410VgnVCM100000171f5a0aRCRD&vgnextoid=f04c1e79ee71c010VgnVCM1000000b205a0aRCRD\" >www.madrid.es</a></p>", "content_type": "html", "category_scheme": "$", "category_term": "https://datos.madrid.es/egob/kos/entidadesYorganismos/CentrosCulturales", "tipo_refugio": "centro_cultural" }, "geometry": { "type": "Point", "coordinates": [ -3.688007025609376, 40.495045642116551 ] } },
{ "type": "Feature", "properties": { "title": "Centro Sociocultural Ágata (Villaverde)", "link_href": "http://www.madrid.es/sites/v/index.jsp?vgnextchannel=bfa48ab43d6bb410VgnVCM100000171f5a0aRCRD&vgnextoid=d9743d0b5e71c010VgnVCM1000000b205a0aRCRD", "link_type": "text/html", "link_rel": "alternate", "id": 1996, "content": "<p><a target=\"_blank\" href=\"http://www.madrid.es/sites/v/index.jsp?vgnextchannel=bfa48ab43d6bb410VgnVCM100000171f5a0aRCRD&vgnextoid=d9743d0b5e71c010VgnVCM1000000b205a0aRCRD\" >www.madrid.es</a></p>", "content_type": "html", "category_scheme": "$", "category_term": "https://datos.madrid.es/egob/kos/entidadesYorganismos/CentrosCulturales", "tipo_refugio": "centro_cultural" }, "geometry": { "type": "Point", "coordinates": [ -3.708514699126647, 40.346369432374594 ] } },
{ "type": "Feature", "properties": { "title": "Centro de Cultura Contemporánea CondeDuque", "link_href": "http://www.madrid.es/sites/v/index.jsp?vgnextchannel=bfa48ab43d6bb410VgnVCM100000171f5a0aRCRD&vgnextoid=64463d0b5e71c010VgnVCM1000000b205a0aRCRD", "link_type": "text/html", "link_rel": "alternate", "id": 1916, "content": "<p>El Centro de Cultura Contemporánea Conde Duque, de adscripción municipal, se plantea como un espacio de acceso a la cultura contemporánea a través de una programación diversa e innovadora. Un lugar de vida, un centro público para difundir y compartir prácticas artísticas y culturales, abierto a toda la ciudadanía de Madrid.</p><p>Teléfono de información de actividades culturales: 913 184 450  Teléfono de atención al espectador: 913 184 700 (de martes a domingo, de 10:30 a 14:30 y de 16:30 a 20:30 horas)  Teléfono de taquilla: 649 426 125 (de martes a viernes de 17:30 a 20:30 horas)   Venta de entradas.</p><p><a target=\"_blank\" href=\"http://www.madrid.es/sites/v/index.jsp?vgnextchannel=bfa48ab43d6bb410VgnVCM100000171f5a0aRCRD&vgnextoid=64463d0b5e71c010VgnVCM1000000b205a0aRCRD\" >www.madrid.es</a></p>", "content_type": "html", "category_scheme": "$", "category_term": "https://datos.madrid.es/egob/kos/entidadesYorganismos/MonumentosEdificiosArtisticos", "tipo_refugio": "centro_cultural" }, "geometry": { "type": "Point", "coordinates": [ -3.710589286287491, 40.427399112622922 ] } },
{ "type": "Feature", "properties": { "title": "Centro de Educación Ambiental y Cultural Maris Stella (Usera)", "link_href": "http://www.madrid.es/sites/v/index.jsp?vgnextchannel=bfa48ab43d6bb410VgnVCM100000171f5a0aRCRD&vgnextoid=85205619bc23d710VgnVCM2000001f4a900aRCRD", "link_type": "text/html", "link_rel": "alternate", "id": 11526686, "content": "<p><a target=\"_blank\" href=\"http://www.madrid.es/sites/v/index.jsp?vgnextchannel=bfa48ab43d6bb410VgnVCM100000171f5a0aRCRD&vgnextoid=85205619bc23d710VgnVCM2000001f4a900aRCRD\" >www.madrid.es</a></p>", "content_type": "html", "category_scheme": "$", "category_term": "https://datos.madrid.es/egob/kos/entidadesYorganismos/CentrosCulturales", "tipo_refugio": "centro_cultural" }, "geometry": { "type": "Point", "coordinates": [ -3.703222030880858, 40.374166248648216 ] } },
{ "type": "Feature", "properties": { "title": "Centro de Ocio y Asesoramiento Juvenil Carabanchel Alto", "link_href": "http://www.madrid.es/sites/v/index.jsp?vgnextchannel=bfa48ab43d6bb410VgnVCM100000171f5a0aRCRD&vgnextoid=2565d2d6fe9a6110VgnVCM1000000b205a0aRCRD", "link_type": "text/html", "link_rel": "alternate", "id": 4703662, "content": "<p>Mira la programación de cada uno los centros de ocio y asesoramiento juvenil, encontrarás talleres, teatro, actividades, cesiones de espacios para tu música o tus ensayos, exposiciones; además Wifi gratuito, oficinas de información juvenil y un montón de cosas  interesantesInformación sobre las actividades y cesión de espacios:  Correo: carabanchelalto@coajmadrid.es  Teléfono (dinamización): 914 006 417  Teléfono (centralita): 915 118 980  Móvil: 636 045 586  Consulta la programación aquí   Para inscribirte en la actividad que más te guste cumplimenta y envía este formulario.</p><p><a target=\"_blank\" href=\"http://www.madrid.es/sites/v/index.jsp?vgnextchannel=bfa48ab43d6bb410VgnVCM100000171f5a0aRCRD&vgnextoid=2565d2d6fe9a6110VgnVCM1000000b205a0aRCRD\" >www.madrid.es</a></p>", "content_type": "html", "category_scheme": "$", "category_term": "https://datos.madrid.es/egob/kos/entidadesYorganismos/OficinasInformacionJuvenil", "tipo_refugio": "centro_cultural" }, "geometry": { "type": "Point", "coordinates": [ -3.755451103709316, 40.366822704148795 ] } },
{ "type": "Feature", "properties": { "title": "Centro de Ocio y Asesoramiento Juvenil El Aleph (Villa de Vallecas)", "link_href": "http://www.madrid.es/sites/v/index.jsp?vgnextchannel=bfa48ab43d6bb410VgnVCM100000171f5a0aRCRD&vgnextoid=84869475d381c010VgnVCM1000000b205a0aRCRD", "link_type": "text/html", "link_rel": "alternate", "id": 146682, "content": "<p>Mira la programación mensual de cada uno de los centros de ocio y asesoramiento juvenil, encontrarás talleres, teatro, actividades, cesiones de espacios para tu música o tus ensayos, exposiciones; además Wifi gratuito, oficinas de información juvenil y un montón de cosas interesantes.  Información sobre las actividades y cesión de espacios:   Correo: elaleph@coajmadrid.es   Teléfono: 913 312 725  Móvil: 683 516 565  Horario de reserva cesiones de espacio y salas de ensayo: martes a viernes de 13:00 a 15:00 y de 16:00 a 18:00 h.  Consulta la programación aquí   Para inscribirte en la actividad que más te guste cumplimenta y envía este  formulario.</p><p><a target=\"_blank\" href=\"http://www.madrid.es/sites/v/index.jsp?vgnextchannel=bfa48ab43d6bb410VgnVCM100000171f5a0aRCRD&vgnextoid=84869475d381c010VgnVCM1000000b205a0aRCRD\" >www.madrid.es</a></p>", "content_type": "html", "category_scheme": "$", "category_term": "https://datos.madrid.es/egob/kos/entidadesYorganismos/OficinasInformacionJuvenil", "tipo_refugio": "centro_cultural" }, "geometry": { "type": "Point", "coordinates": [ -3.605454613917739, 40.382579344006757 ] } },
{ "type": "Feature", "properties": { "title": "Centro de Ocio y Asesoramiento Juvenil El Pardo", "link_href": "http://www.madrid.es/sites/v/index.jsp?vgnextchannel=bfa48ab43d6bb410VgnVCM100000171f5a0aRCRD&vgnextoid=617ef50ad2a30110VgnVCM1000000b205a0aRCRD", "link_type": "text/html", "link_rel": "alternate", "id": 190703, "content": "<p>Mira la programación mensual de cada uno de los centros de ocio y asesoramiento juvenil, encontrarás talleres, teatro, actividades, cesiones de espacios para tu música o tus ensayos, exposiciones; además Wifi gratuito, oficinas de información juvenil y un montón de cosas interesantes.Información sobre las actividades y cesión de espacios  Correo: elpardo@coajmadrid.es   Teléfono (dinamización): 913 760 652  Móvil: 653 398 957  Consulta la programación aquí   Para inscribirte en la actividad que más te guste cumplimenta y envía este formulario.</p><p><a target=\"_blank\" href=\"http://www.madrid.es/sites/v/index.jsp?vgnextchannel=bfa48ab43d6bb410VgnVCM100000171f5a0aRCRD&vgnextoid=617ef50ad2a30110VgnVCM1000000b205a0aRCRD\" >www.madrid.es</a></p>", "content_type": "html", "category_scheme": "$", "category_term": "https://datos.madrid.es/egob/kos/entidadesYorganismos/OficinasInformacionJuvenil", "tipo_refugio": "centro_cultural" }, "geometry": { "type": "Point", "coordinates": [ -3.778542672958104, 40.519641994183552 ] } },
{ "type": "Feature", "properties": { "title": "Centro de Ocio y Asesoramiento Juvenil El Sitio de mi Recreo (Villa de Vallecas)", "link_href": "http://www.madrid.es/sites/v/index.jsp?vgnextchannel=bfa48ab43d6bb410VgnVCM100000171f5a0aRCRD&vgnextoid=9bd738d60b41c010VgnVCM2000000c205a0aRCRD", "link_type": "text/html", "link_rel": "alternate", "id": 182139, "content": "<p>Mira la programación mensual de cada uno de los centros de ocio y asesoramiento juvenil, encontrarás talleres, teatro, actividades, cesiones de espacios para tu música o tus ensayos, exposiciones; además Wifi gratuito, oficinas de información juvenil y un montón de cosas interesantes.  Información sobre las actividades y cesión de espacios:   Correo: elsitiodemirecreo@coajmadrid.es   Teléfono (dinamización): 913 320 198  Teléfono (centralita): 913 052 448   Móvil: 606 000 409  Horario de reserva cesiones de espacio y salas de ensayo: lunes a Viernes de 10:00 a 15:00 y de 16:00 a 18:00 h.  Consulta la programación aquí   Para inscribirte en la actividad que más te guste cumplimenta y envía este formulario.</p><p><a target=\"_blank\" href=\"http://www.madrid.es/sites/v/index.jsp?vgnextchannel=bfa48ab43d6bb410VgnVCM100000171f5a0aRCRD&vgnextoid=9bd738d60b41c010VgnVCM2000000c205a0aRCRD\" >www.madrid.es</a></p>", "content_type": "html", "category_scheme": "$", "category_term": "https://datos.madrid.es/egob/kos/entidadesYorganismos/OficinasInformacionJuvenil", "tipo_refugio": "centro_cultural" }, "geometry": { "type": "Point", "coordinates": [ -3.616901585603186, 40.37953682427198 ] } },
{ "type": "Feature", "properties": { "title": "Centro de Ocio y Asesoramiento Juvenil Hontalbilla (Fuencarral - El Pardo)", "link_href": "http://www.madrid.es/sites/v/index.jsp?vgnextchannel=bfa48ab43d6bb410VgnVCM100000171f5a0aRCRD&vgnextoid=afc93331c9ee2210VgnVCM2000000c205a0aRCRD", "link_type": "text/html", "link_rel": "alternate", "id": 5396226, "content": "<p>Mira la programación mensual de cada uno de los centros de ocio y asesoramiento juvenil, encontrarás talleres, teatro, actividades, cesiones de espacios para tu música o tus ensayos, exposiciones; además Wifi gratuito, oficinas de información juvenil y un montón de cosas interesantes.  Información sobre las actividades y cesión de espacios   Correo: hontalbilla@coajmadrid.es  Teléfono (dinamización): 917 342 878 Teléfono (centralita): 917 364 378 Móvil/ Whatsapp: 606 003 852  Consulta la programación aquí   Para inscribirte en la actividad que más te guste cumplimenta y envía este formulario.</p><p><a target=\"_blank\" href=\"http://www.madrid.es/sites/v/index.jsp?vgnextchannel=bfa48ab43d6bb410VgnVCM100000171f5a0aRCRD&vgnextoid=afc93331c9ee2210VgnVCM2000000c205a0aRCRD\" >www.madrid.es</a></p>", "content_type": "html", "category_scheme": "$", "category_term": "https://datos.madrid.es/egob/kos/entidadesYorganismos/OficinasInformacionJuvenil", "tipo_refugio": "centro_cultural" }, "geometry": { "type": "Point", "coordinates": [ -3.690634208120328, 40.49231828430878 ] } },
{ "type": "Feature", "properties": { "title": "Centro de Ocio y Asesoramiento Juvenil Pipo Velasco (Usera)", "link_href": "http://www.madrid.es/sites/v/index.jsp?vgnextchannel=bfa48ab43d6bb410VgnVCM100000171f5a0aRCRD&vgnextoid=a0d2795e39a36810VgnVCM2000001f4a900aRCRD", "link_type": "text/html", "link_rel": "alternate", "id": 11925994, "content": "<p>Mira la programación mensual de cada uno de los centros de ocio y asesoramiento juvenil, encontrarás talleres, teatro, actividades, cesiones de espacios para tu música o tus ensayos, exposiciones; además Wifi gratuito, oficinas de información juvenil y un montón de cosas interesantes.  Información sobre las actividades y cesión de espacios:   Correo: pipovelasco@coajmadrid.es   Teléfono: 917 790 674  Móvil/Whatsapp: 683 567 735  Puedes consultar las actividades de los COAJ aquí   Para inscribirte en la actividad que más te guste cumplimenta y envía este formulario.</p><p><a target=\"_blank\" href=\"http://www.madrid.es/sites/v/index.jsp?vgnextchannel=bfa48ab43d6bb410VgnVCM100000171f5a0aRCRD&vgnextoid=a0d2795e39a36810VgnVCM2000001f4a900aRCRD\" >www.madrid.es</a></p>", "content_type": "html", "category_scheme": "$", "category_term": "https://datos.madrid.es/egob/kos/entidadesYorganismos/OficinasInformacionJuvenil", "tipo_refugio": "centro_cultural" }, "geometry": { "type": "Point", "coordinates": [ -3.715659887802671, 40.377380970777523 ] } },
{ "type": "Feature", "properties": { "title": "Centro de Ocio y Asesoramiento Juvenil Tetuán Punto Joven", "link_href": "http://www.madrid.es/sites/v/index.jsp?vgnextchannel=bfa48ab43d6bb410VgnVCM100000171f5a0aRCRD&vgnextoid=2f9e41aee5a2a110VgnVCM1000000b205a0aRCRD", "link_type": "text/html", "link_rel": "alternate", "id": 4923522, "content": "<p>Mira la programación mensual de cada uno de los centros de ocio y asesoramiento juvenil, encontrarás talleres, teatro, actividades, cesiones de espacios para tu música o tus ensayos, exposiciones; además Wifi gratuito, oficinas de información juvenil y un montón de cosas interesantes.  Información sobre las actividades y cesión de espacios   Correo: tetuanpuntojoven@coajmadrid.es   Teléfono (dinamización): 915 347 744  Móvil/Whatsapp: 606 003 779  Consulta la programación aquí   Para inscribirte en la actividad que más te guste cumplimenta y envía este  formulario.</p><p><a target=\"_blank\" href=\"http://www.madrid.es/sites/v/index.jsp?vgnextchannel=bfa48ab43d6bb410VgnVCM100000171f5a0aRCRD&vgnextoid=2f9e41aee5a2a110VgnVCM1000000b205a0aRCRD\" >www.madrid.es</a></p>", "content_type": "html", "category_scheme": "$", "category_term": "https://datos.madrid.es/egob/kos/entidadesYorganismos/OficinasInformacionJuvenil", "tipo_refugio": "centro_cultural" }, "geometry": { "type": "Point", "coordinates": [ -3.6998771920981, 40.447199849232135 ] } },
{ "type": "Feature", "properties": { "title": "CentroCentro", "link_href": "http://www.madrid.es/sites/v/index.jsp?vgnextchannel=bfa48ab43d6bb410VgnVCM100000171f5a0aRCRD&vgnextoid=5ff519cd7bcee210VgnVCM1000000b205a0aRCRD", "link_type": "text/html", "link_rel": "alternate", "id": 6013703, "content": "<p>CentroCentro es un centro de arte contemporáneo que, desde el corazón de la ciudad y del Paseo del Arte, presta especial atención al pulso creativo vivo de Madrid, mostrando en sus salas propuestas de artistas en activo de todas las generaciones y disciplinas. CentroCentro es un punto de encuentro entre el talento artístico de la ciudad, el público y los agentes culturales que hacen ciudad y cultura. Su programación tiene como objetivo dar voz a creadores de diferentes generaciones que ejemplifican el contexto creativo contemporáneo. Revisita el trabajo de artistas de reconocida y larga trayectoria que no se ha podido ver en Madrid en las últimas décadas. Al mismo tiempo, ofrece la oportunidad a autores de media carrera para que realicen su primera exposición individual en una institución pública y da visibilidad al trabajo de nuevos creadores. Con un enfoque multidisciplinar en el que tienen cabida todas las expresiones artísticas &mdash;pintura, escultura, dibujo, fotografía, diseño gráfico, performance y más&mdash; las exposiciones son el eje vertebrador en torno al que se articula el resto de la actividad: encuentros, visitas guiadas con comisarios y artistas, talleres, residencias artísticas, a la que se suman la música y el microteatro, entre otras propuestas culturales.</p><p>Normas de visita y recomendaciones generales</p><p><a target=\"_blank\" href=\"http://www.madrid.es/sites/v/index.jsp?vgnextchannel=bfa48ab43d6bb410VgnVCM100000171f5a0aRCRD&vgnextoid=5ff519cd7bcee210VgnVCM1000000b205a0aRCRD\" >www.madrid.es</a></p>", "content_type": "html", "category_scheme": "$", "category_term": "https://datos.madrid.es/egob/kos/entidadesYorganismos/CentrosCulturales", "tipo_refugio": "centro_cultural" }, "geometry": { "type": "Point", "coordinates": [ -3.692188193693138, 40.419022616181593 ] } },
{ "type": "Feature", "properties": { "title": "Edificio Sociocultural Marta Escudero Díaz-Tejeiro (Villaverde)", "link_href": "http://www.madrid.es/sites/v/index.jsp?vgnextchannel=bfa48ab43d6bb410VgnVCM100000171f5a0aRCRD&vgnextoid=be0c2096debe9910VgnVCM100000891ecb1aRCRD", "link_type": "text/html", "link_rel": "alternate", "id": 50095204, "content": "<p>De lunes a viernes:   mañanas: 682 618 883 / 618 576 069 tardes: 620 644 208 / 629 157 209   Fines de semana:   mañanas: 650 580 935 tardes: 608 139 719 / 699 376 255</p><p><a target=\"_blank\" href=\"http://www.madrid.es/sites/v/index.jsp?vgnextchannel=bfa48ab43d6bb410VgnVCM100000171f5a0aRCRD&vgnextoid=be0c2096debe9910VgnVCM100000891ecb1aRCRD\" >www.madrid.es</a></p>", "content_type": "html", "category_scheme": "$", "category_term": "https://datos.madrid.es/egob/kos/entidadesYorganismos/CentrosCulturales", "tipo_refugio": "centro_cultural" }, "geometry": { "type": "Point", "coordinates": [ -3.679345889376551, 40.35118703272002 ] } },
{ "type": "Feature", "properties": { "title": "Espacio Abierto Quinta de los Molinos", "link_href": "http://www.madrid.es/sites/v/index.jsp?vgnextchannel=bfa48ab43d6bb410VgnVCM100000171f5a0aRCRD&vgnextoid=80ddc8acadd56610VgnVCM2000001f4a900aRCRD", "link_type": "text/html", "link_rel": "alternate", "id": 10799518, "content": "<p>Espacio Abierto Quinta de los Molinos es el centro cultural del Ayuntamiento de Madrid dedicado a la infancia, la adolescencia y sus comunidades. Es un espacio público y simbólico que reconoce el juego como una forma propia de cultura, recogiendo las maneras de estar, inventar y relacionarse que comparten los procesos lúdicos y creativos. Su programación se centra en crear las condiciones para que la creación contemporánea, el aprendizaje activo y la imaginación compartida se vinculen con la cultura del juego, abriendo nuevos encuentros entre infancia, ciudad y vida cultural.</p><p><a target=\"_blank\" href=\"http://www.madrid.es/sites/v/index.jsp?vgnextchannel=bfa48ab43d6bb410VgnVCM100000171f5a0aRCRD&vgnextoid=80ddc8acadd56610VgnVCM2000001f4a900aRCRD\" >www.madrid.es</a></p>", "content_type": "html", "category_scheme": "$", "category_term": "https://datos.madrid.es/egob/kos/entidadesYorganismos/CentrosCulturales", "tipo_refugio": "centro_cultural" }, "geometry": { "type": "Point", "coordinates": [ -3.629287454229164, 40.447740022258671 ] } },
{ "type": "Feature", "properties": { "title": "Espacio Cultural Antonio López (Chamartín)", "link_href": "http://www.madrid.es/sites/v/index.jsp?vgnextchannel=bfa48ab43d6bb410VgnVCM100000171f5a0aRCRD&vgnextoid=529ec6cfcac59910VgnVCM100000891ecb1aRCRD", "link_type": "text/html", "link_rel": "alternate", "id": 50060892, "content": "<p><a target=\"_blank\" href=\"http://www.madrid.es/sites/v/index.jsp?vgnextchannel=bfa48ab43d6bb410VgnVCM100000171f5a0aRCRD&vgnextoid=529ec6cfcac59910VgnVCM100000891ecb1aRCRD\" >www.madrid.es</a></p>", "content_type": "html", "category_scheme": "$", "category_term": "https://datos.madrid.es/egob/kos/entidadesYorganismos/CentrosCulturales", "tipo_refugio": "centro_cultural" }, "geometry": { "type": "Point", "coordinates": [ -3.675307996444319, 40.48272165083992 ] } },
{ "type": "Feature", "properties": { "title": "Espacio Cultural Núñez de Balboa, 40 (Salamanca)", "link_href": "http://www.madrid.es/sites/v/index.jsp?vgnextchannel=bfa48ab43d6bb410VgnVCM100000171f5a0aRCRD&vgnextoid=aab225880cd6e710VgnVCM2000001f4a900aRCRD", "link_type": "text/html", "link_rel": "alternate", "id": 11575320, "content": "<p>Horario del centro:   De lunes a domingos, de 7:30 a 21:30 horas Festivos: cerrado.   Horario del secretaría:  (Ubicada en C.C. Emilia Pardo Bazán, calle goya 1 subterráneo)   De lunes a jueves, de 9 a 14 y de 16 a 18 horas. Viernes, 9 a 14 horas.  Julio de lunes a viernes, de 9 a 14 horas. Agosto cerrado  Fuera de este horario el centro permanecerá abierto durante la celebración de las actividades que se programen</p><p><a target=\"_blank\" href=\"http://www.madrid.es/sites/v/index.jsp?vgnextchannel=bfa48ab43d6bb410VgnVCM100000171f5a0aRCRD&vgnextoid=aab225880cd6e710VgnVCM2000001f4a900aRCRD\" >www.madrid.es</a></p>", "content_type": "html", "category_scheme": "$", "category_term": "https://datos.madrid.es/egob/kos/entidadesYorganismos/CentrosCulturales", "tipo_refugio": "centro_cultural" }, "geometry": { "type": "Point", "coordinates": [ -3.682534948198513, 40.426826159507435 ] } },
{ "type": "Feature", "properties": { "title": "Espacio Cultural Serrería Belga", "link_href": "http://www.madrid.es/sites/v/index.jsp?vgnextchannel=bfa48ab43d6bb410VgnVCM100000171f5a0aRCRD&vgnextoid=c3c0f13cd18a0810VgnVCM1000001d4a900aRCRD", "link_type": "text/html", "link_rel": "alternate", "id": 11681451, "content": "<p>Este centro cultural del Ayuntamiento de Madrid, el único situado en el entorno del Paseo del Arte y del Barrio de las Letras, ofrece una amplia oferta cultural en torno al arte, la música, el diseño, la literatura, la imagen y la gastrocultura, siendo además un punto de encuentro para agentes y profesionales de la cultura. Con cerca de 4.000 metros cuadrados, está asentado sobre un singular edificio industrial de principios del siglo XX que forma parte de la lista de inmuebles destacados que componen el Paisaje de la Luz madrileño, reconocido como Patrimonio de la Humanidad por la UNESCO. El proyecto de rehabilitación del edificio ha sido reconocido con premios como el de la XII Bienal Española de Arquitectura y Urbanismo de 2013, el premio COAM de 2013, el premio Sacyr a la Innovación de 2014 y el premio COAM +10 en 2023. Actualmente, este espacio versátil y con personalidad propia dirigido a un público heterogéneo refleja la efervescencia cultural de la ciudad en el que tienen cabida todo tipo de proyectos creativos y expositivos. Cuenta con más de 1.000m2 para exposiciones artísticas y una amplia zona dedicada a la poesía, la literatura y el papel de Madrid como capital literaria a lo largo de los siglos. Todas las actividades del Espacio Cultural Serrería Belga son gratuitas y de acceso libre salvo que se indique lo contrario. Para aquellas actividades que requieran acceso con entrada consultar www.serreria-belga.es</p><p>Todas las actividades del Espacio Cultural Serrería Belga son gratuitas.  Para aquellas actividades requieran acceso con entrada consultar www.serreria-belga.es</p><p><a target=\"_blank\" href=\"http://www.madrid.es/sites/v/index.jsp?vgnextchannel=bfa48ab43d6bb410VgnVCM100000171f5a0aRCRD&vgnextoid=c3c0f13cd18a0810VgnVCM1000001d4a900aRCRD\" >www.madrid.es</a></p>", "content_type": "html", "category_scheme": "$", "category_term": "https://datos.madrid.es/egob/kos/entidadesYorganismos/CentrosCulturales", "tipo_refugio": "centro_cultural" }, "geometry": { "type": "Point", "coordinates": [ -3.693781984341337, 40.4105673503608 ] } },
{ "type": "Feature", "properties": { "title": "Fernán Gómez Centro Cultural de la Villa", "link_href": "http://www.madrid.es/sites/v/index.jsp?vgnextchannel=bfa48ab43d6bb410VgnVCM100000171f5a0aRCRD&vgnextoid=ba663d0b5e71c010VgnVCM1000000b205a0aRCRD", "link_type": "text/html", "link_rel": "alternate", "id": 1915, "content": "<p><a target=\"_blank\" href=\"http://www.madrid.es/sites/v/index.jsp?vgnextchannel=bfa48ab43d6bb410VgnVCM100000171f5a0aRCRD&vgnextoid=ba663d0b5e71c010VgnVCM1000000b205a0aRCRD\" >www.madrid.es</a></p>", "content_type": "html", "category_scheme": "$", "category_term": "https://datos.madrid.es/egob/kos/entidadesYorganismos/Teatros", "tipo_refugio": "centro_cultural" }, "geometry": { "type": "Point", "coordinates": [ -3.689948085098791, 40.424972151694199 ] } },
{ "type": "Feature", "properties": { "title": "Instalación Deportiva Municipal Básica Espacio Polivalente Embajadores 18", "link_href": "http://www.madrid.es/sites/v/index.jsp?vgnextchannel=bfa48ab43d6bb410VgnVCM100000171f5a0aRCRD&vgnextoid=a0103e641a099610VgnVCM1000001d4a900aRCRD", "link_type": "text/html", "link_rel": "alternate", "id": 10915700, "content": "<p><a target=\"_blank\" href=\"http://www.madrid.es/sites/v/index.jsp?vgnextchannel=bfa48ab43d6bb410VgnVCM100000171f5a0aRCRD&vgnextoid=a0103e641a099610VgnVCM1000001d4a900aRCRD\" >www.madrid.es</a></p>", "content_type": "html", "category_scheme": "$", "category_term": "https://datos.madrid.es/egob/kos/entidadesYorganismos/CentrosEspaciosDeporte/InstalacionesDeportivasBasicas", "tipo_refugio": "centro_cultural" }, "geometry": { "type": "Point", "coordinates": [ -3.706200285363927, 40.409743515016231 ] } },
{ "type": "Feature", "properties": { "title": "Locales de ensayo del Distrito Salamanca", "link_href": "http://www.madrid.es/sites/v/index.jsp?vgnextchannel=bfa48ab43d6bb410VgnVCM100000171f5a0aRCRD&vgnextoid=3f00d661fc60f710VgnVCM1000001d4a900aRCRD", "link_type": "text/html", "link_rel": "alternate", "id": 11601456, "content": "<p>Sala 1: Pau Donés  Sala 2: Luis Eduardo Aute  Sala 3: Sala de Espejos   &iquest;Tienes un grupo de música? &iquest;teatro? &iquest;baile? Tú pones el talento y nosotros el local para que ensayes. Iniciamos nueva temporada en los Locales de Ensayo de Torrespaña. Las salas se ceden de manera gratuita y hasta un máximo de tres horas. No te quedes sin plaza. &iexcl;Te esperamos!</p><p><a target=\"_blank\" href=\"http://www.madrid.es/sites/v/index.jsp?vgnextchannel=bfa48ab43d6bb410VgnVCM100000171f5a0aRCRD&vgnextoid=3f00d661fc60f710VgnVCM1000001d4a900aRCRD\" >www.madrid.es</a></p>", "content_type": "html", "category_scheme": "$", "category_term": "https://datos.madrid.es/egob/kos/entidadesYorganismos/CentrosCulturales", "tipo_refugio": "centro_cultural" }, "geometry": { "type": "Point", "coordinates": [ -3.660765346211844, 40.421217835021167 ] } },
{ "type": "Feature", "properties": { "title": "Matadero Madrid", "link_href": "http://www.madrid.es/sites/v/index.jsp?vgnextchannel=bfa48ab43d6bb410VgnVCM100000171f5a0aRCRD&vgnextoid=ef686a9ee7336110VgnVCM1000000b205a0aRCRD", "link_type": "text/html", "link_rel": "alternate", "id": 4684678, "content": "<p>Espacios   Matadero Madrid Centro de residencias Intermediae Medialab Cineteca Madrid Centro Danza Matadero Nave 10 Matadero Creación Dramática Contemporánea   Espacios al aire libre:    Plaza Matadero Calle Matadero Placita  Accesos Plaza de Legazpi, Paseo de la Chopera, Madrid Río y Casa del Reloj.</p><p>Con carácter general, los perros pueden transitar por los espacios al aire libre de Matadero Madrid provistos de correa y/o bozal según la normativa vigente. No se permite el acceso de mascotas a las actividades en interiores excepto a perros-guía o de asistencia, ni a aquellas actividades cuya prohibición de acceso esté debidamente anunciada e informada.</p><p><a target=\"_blank\" href=\"http://www.madrid.es/sites/v/index.jsp?vgnextchannel=bfa48ab43d6bb410VgnVCM100000171f5a0aRCRD&vgnextoid=ef686a9ee7336110VgnVCM1000000b205a0aRCRD\" >www.madrid.es</a></p>", "content_type": "html", "category_scheme": "$", "category_term": "https://datos.madrid.es/egob/kos/entidadesYorganismos/SalasExposiciones", "tipo_refugio": "centro_cultural" }, "geometry": { "type": "Point", "coordinates": [ -3.695802844205407, 40.391309852421813 ] } },
{ "type": "Feature", "properties": { "title": "Matadero Medialab", "link_href": "http://www.madrid.es/sites/v/index.jsp?vgnextchannel=bfa48ab43d6bb410VgnVCM100000171f5a0aRCRD&vgnextoid=79f59dacff4d7110VgnVCM1000000b205a0aRCRD", "link_type": "text/html", "link_rel": "alternate", "id": 4776440, "content": "<p>Medialab Matadero es un programa del Área de Gobierno de Cultura, Turismo y Deporte del Ayuntamiento de Madrid creado en 2002. Ubicado en un espacio cultural único, el centro de creación contemporánea Matadero Madrid, Medialab Matadero es una plataforma institucional de investigación, creación y producción experimental impulsada por la dinámica del Procomún.</p><p><a target=\"_blank\" href=\"http://www.madrid.es/sites/v/index.jsp?vgnextchannel=bfa48ab43d6bb410VgnVCM100000171f5a0aRCRD&vgnextoid=79f59dacff4d7110VgnVCM1000000b205a0aRCRD\" >www.madrid.es</a></p>", "content_type": "html", "category_scheme": "$", "category_term": "https://datos.madrid.es/egob/kos/entidadesYorganismos/CentrosCulturales", "tipo_refugio": "centro_cultural" }, "geometry": { "type": "Point", "coordinates": [ -3.69720679027189, 40.392457981915364 ] } },
{ "type": "Feature", "properties": { "title": "Nave de Terneras del Centro Cultural Casa del Reloj", "link_href": "http://www.madrid.es/sites/v/index.jsp?vgnextchannel=bfa48ab43d6bb410VgnVCM100000171f5a0aRCRD&vgnextoid=6c5c625c0d168510VgnVCM1000001d4a900aRCRD", "link_type": "text/html", "link_rel": "alternate", "id": 10189992, "content": "<p><a target=\"_blank\" href=\"http://www.madrid.es/sites/v/index.jsp?vgnextchannel=bfa48ab43d6bb410VgnVCM100000171f5a0aRCRD&vgnextoid=6c5c625c0d168510VgnVCM1000001d4a900aRCRD\" >www.madrid.es</a></p>", "content_type": "html", "category_scheme": "$", "category_term": "https://datos.madrid.es/egob/kos/entidadesYorganismos/CentrosCulturales", "tipo_refugio": "centro_cultural" }, "geometry": { "type": "Point", "coordinates": [ -3.699005654074825, 40.393072892374647 ] } },
{ "type": "Feature", "properties": { "title": "Sala de Estudio Marta Escudero Díaz-Tejeiro (Villaverde)", "link_href": "http://www.madrid.es/sites/v/index.jsp?vgnextchannel=bfa48ab43d6bb410VgnVCM100000171f5a0aRCRD&vgnextoid=3ca351085e10a910VgnVCM100000891ecb1aRCRD", "link_type": "text/html", "link_rel": "alternate", "id": 50098162, "content": "<p>De lunes a viernes:   mañanas: 682 618 883 / 618 576 069 tardes: 620 644 208 / 629 157 209   Fines de semana:   mañanas: 650 580 935 tardes: 608 139 719 / 699 376 255</p><p><a target=\"_blank\" href=\"http://www.madrid.es/sites/v/index.jsp?vgnextchannel=bfa48ab43d6bb410VgnVCM100000171f5a0aRCRD&vgnextoid=3ca351085e10a910VgnVCM100000891ecb1aRCRD\" >www.madrid.es</a></p>", "content_type": "html", "category_scheme": "$", "category_term": "https://datos.madrid.es/egob/kos/entidadesYorganismos/CentrosCulturales", "tipo_refugio": "centro_cultural" }, "geometry": { "type": "Point", "coordinates": [ -3.679345889376551, 40.35118703272002 ] } },
{ "type": "Feature", "properties": { "title": "Sala de exposiciones La Lonja. Centro Cultural Casa del Reloj (Arganzuela)", "link_href": "http://www.madrid.es/sites/v/index.jsp?vgnextchannel=bfa48ab43d6bb410VgnVCM100000171f5a0aRCRD&vgnextoid=3de6d4ddebac6810VgnVCM1000001d4a900aRCRD", "link_type": "text/html", "link_rel": "alternate", "id": 11956343, "content": "<p><a target=\"_blank\" href=\"http://www.madrid.es/sites/v/index.jsp?vgnextchannel=bfa48ab43d6bb410VgnVCM100000171f5a0aRCRD&vgnextoid=3de6d4ddebac6810VgnVCM1000001d4a900aRCRD\" >www.madrid.es</a></p>", "content_type": "html", "category_scheme": "$", "category_term": "https://datos.madrid.es/egob/kos/entidadesYorganismos/SalasExposiciones", "tipo_refugio": "centro_cultural" }, "geometry": { "type": "Point", "coordinates": [ -3.699005654074825, 40.393072892374647 ] } },
{ "type": "Feature", "properties": { "title": "Salón y sala de exposiciones en Junta Municipal de Usera", "link_href": "http://www.madrid.es/sites/v/index.jsp?vgnextchannel=bfa48ab43d6bb410VgnVCM100000171f5a0aRCRD&vgnextoid=5fb8370bbde11810VgnVCM1000001d4a900aRCRD", "link_type": "text/html", "link_rel": "alternate", "id": 11701924, "content": "<p><a target=\"_blank\" href=\"http://www.madrid.es/sites/v/index.jsp?vgnextchannel=bfa48ab43d6bb410VgnVCM100000171f5a0aRCRD&vgnextoid=5fb8370bbde11810VgnVCM1000001d4a900aRCRD\" >www.madrid.es</a></p>", "content_type": "html", "category_scheme": "$", "category_term": "https://datos.madrid.es/egob/kos/entidadesYorganismos/SalasExposiciones", "tipo_refugio": "centro_cultural" }, "geometry": { "type": "Point", "coordinates": [ -3.710861696949648, 40.382386740105296 ] } },
{ "type": "Feature", "properties": { "title": "Centro Deportivo Municipal Alcántara", "link_href": "http://www.madrid.es/sites/v/index.jsp?vgnextchannel=bfa48ab43d6bb410VgnVCM100000171f5a0aRCRD&vgnextoid=a949235892f28510VgnVCM1000001d4a900aRCRD", "link_type": "text/html", "link_rel": "alternate", "id": 10183549, "content": "<p><a target=\"_blank\" href=\"http://www.madrid.es/sites/v/index.jsp?vgnextchannel=bfa48ab43d6bb410VgnVCM100000171f5a0aRCRD&vgnextoid=a949235892f28510VgnVCM1000001d4a900aRCRD\" >www.madrid.es</a></p>", "content_type": "html", "category_scheme": "$", "category_term": "https://datos.madrid.es/egob/kos/entidadesYorganismos/CentrosEspaciosDeporte/Gimnasios", "tipo_refugio": "polideportivo" }, "geometry": { "type": "Point", "coordinates": [ -3.67373172050405, 40.428102915381139 ] } },
{ "type": "Feature", "properties": { "title": "Centro Deportivo Municipal Alfredo Goyeneche", "link_href": "http://www.madrid.es/sites/v/index.jsp?vgnextchannel=bfa48ab43d6bb410VgnVCM100000171f5a0aRCRD&vgnextoid=789fe8ae8d81c010VgnVCM1000000b205a0aRCRD", "link_type": "text/html", "link_rel": "alternate", "id": 114782, "content": "<p><a target=\"_blank\" href=\"http://www.madrid.es/sites/v/index.jsp?vgnextchannel=bfa48ab43d6bb410VgnVCM100000171f5a0aRCRD&vgnextoid=789fe8ae8d81c010VgnVCM1000000b205a0aRCRD\" >www.madrid.es</a></p>", "content_type": "html", "category_scheme": "$", "category_term": "https://datos.madrid.es/egob/kos/entidadesYorganismos/CentrosEspaciosDeporte/Gimnasios", "tipo_refugio": "polideportivo" }, "geometry": { "type": "Point", "coordinates": [ -3.783283203719198, 40.452121350128579 ] } },
{ "type": "Feature", "properties": { "title": "Centro Deportivo Municipal Aluche", "link_href": "http://www.madrid.es/sites/v/index.jsp?vgnextchannel=bfa48ab43d6bb410VgnVCM100000171f5a0aRCRD&vgnextoid=4506b0c40971c010VgnVCM1000000b205a0aRCRD", "link_type": "text/html", "link_rel": "alternate", "id": 4696, "content": "<p><a target=\"_blank\" href=\"http://www.madrid.es/sites/v/index.jsp?vgnextchannel=bfa48ab43d6bb410VgnVCM100000171f5a0aRCRD&vgnextoid=4506b0c40971c010VgnVCM1000000b205a0aRCRD\" >www.madrid.es</a></p>", "content_type": "html", "category_scheme": "$", "category_term": "https://datos.madrid.es/egob/kos/entidadesYorganismos/CentrosEspaciosDeporte/Gimnasios", "tipo_refugio": "polideportivo" }, "geometry": { "type": "Point", "coordinates": [ -3.773653600881568, 40.382720517194784 ] } },
{ "type": "Feature", "properties": { "title": "Centro Deportivo Municipal Antiguo Canódromo", "link_href": "http://www.madrid.es/sites/v/index.jsp?vgnextchannel=bfa48ab43d6bb410VgnVCM100000171f5a0aRCRD&vgnextoid=dd6426521e7f3110VgnVCM1000000b205a0aRCRD", "link_type": "text/html", "link_rel": "alternate", "id": 4617960, "content": "<p><a target=\"_blank\" href=\"http://www.madrid.es/sites/v/index.jsp?vgnextchannel=bfa48ab43d6bb410VgnVCM100000171f5a0aRCRD&vgnextoid=dd6426521e7f3110VgnVCM1000000b205a0aRCRD\" >www.madrid.es</a></p>", "content_type": "html", "category_scheme": "$", "category_term": "https://datos.madrid.es/egob/kos/entidadesYorganismos/CentrosEspaciosDeporte/Gimnasios", "tipo_refugio": "polideportivo" }, "geometry": { "type": "Point", "coordinates": [ -3.736112026543592, 40.39722719121027 ] } },
{ "type": "Feature", "properties": { "title": "Centro Deportivo Municipal Antonio Díaz Miguel", "link_href": "http://www.madrid.es/sites/v/index.jsp?vgnextchannel=bfa48ab43d6bb410VgnVCM100000171f5a0aRCRD&vgnextoid=c90342b9fda34110VgnVCM1000000b205a0aRCRD", "link_type": "text/html", "link_rel": "alternate", "id": 4624404, "content": "<p><a target=\"_blank\" href=\"http://www.madrid.es/sites/v/index.jsp?vgnextchannel=bfa48ab43d6bb410VgnVCM100000171f5a0aRCRD&vgnextoid=c90342b9fda34110VgnVCM1000000b205a0aRCRD\" >www.madrid.es</a></p>", "content_type": "html", "category_scheme": "$", "category_term": "https://datos.madrid.es/egob/kos/entidadesYorganismos/CentrosEspaciosDeporte/Gimnasios", "tipo_refugio": "polideportivo" }, "geometry": { "type": "Point", "coordinates": [ -3.695325697896381, 40.471254265861454 ] } },
{ "type": "Feature", "properties": { "title": "Centro Deportivo Municipal Barajas", "link_href": "http://www.madrid.es/sites/v/index.jsp?vgnextchannel=bfa48ab43d6bb410VgnVCM100000171f5a0aRCRD&vgnextoid=b86c79262ef5d010VgnVCM1000000b205a0aRCRD", "link_type": "text/html", "link_rel": "alternate", "id": 99578, "content": "<p><a target=\"_blank\" href=\"http://www.madrid.es/sites/v/index.jsp?vgnextchannel=bfa48ab43d6bb410VgnVCM100000171f5a0aRCRD&vgnextoid=b86c79262ef5d010VgnVCM1000000b205a0aRCRD\" >www.madrid.es</a></p>", "content_type": "html", "category_scheme": "$", "category_term": "https://datos.madrid.es/egob/kos/entidadesYorganismos/CentrosEspaciosDeporte/Gimnasios", "tipo_refugio": "polideportivo" }, "geometry": { "type": "Point", "coordinates": [ -3.587693324074623, 40.463013828096571 ] } },
{ "type": "Feature", "properties": { "title": "Centro Deportivo Municipal Barceló", "link_href": "http://www.madrid.es/sites/v/index.jsp?vgnextchannel=bfa48ab43d6bb410VgnVCM100000171f5a0aRCRD&vgnextoid=335b21f025d44510VgnVCM2000001f4a900aRCRD", "link_type": "text/html", "link_rel": "alternate", "id": 10051058, "content": "<p><a target=\"_blank\" href=\"http://www.madrid.es/sites/v/index.jsp?vgnextchannel=bfa48ab43d6bb410VgnVCM100000171f5a0aRCRD&vgnextoid=335b21f025d44510VgnVCM2000001f4a900aRCRD\" >www.madrid.es</a></p>", "content_type": "html", "category_scheme": "$", "category_term": "https://datos.madrid.es/egob/kos/entidadesYorganismos/CentrosEspaciosDeporte/Gimnasios", "tipo_refugio": "polideportivo" }, "geometry": { "type": "Point", "coordinates": [ -3.699267137265155, 40.426813463295922 ] } },
{ "type": "Feature", "properties": { "title": "Centro Deportivo Municipal Blanca Fernández Ochoa", "link_href": "http://www.madrid.es/sites/v/index.jsp?vgnextchannel=bfa48ab43d6bb410VgnVCM100000171f5a0aRCRD&vgnextoid=930942be9971c010VgnVCM1000000b205a0aRCRD", "link_type": "text/html", "link_rel": "alternate", "id": 4695, "content": "<p><a target=\"_blank\" href=\"http://www.madrid.es/sites/v/index.jsp?vgnextchannel=bfa48ab43d6bb410VgnVCM100000171f5a0aRCRD&vgnextoid=930942be9971c010VgnVCM1000000b205a0aRCRD\" >www.madrid.es</a></p>", "content_type": "html", "category_scheme": "$", "category_term": "https://datos.madrid.es/egob/kos/entidadesYorganismos/CentrosEspaciosDeporte/Gimnasios", "tipo_refugio": "polideportivo" }, "geometry": { "type": "Point", "coordinates": [ -3.746452142917399, 40.382382209445232 ] } },
{ "type": "Feature", "properties": { "title": "Centro Deportivo Municipal Casa de Campo", "link_href": "http://www.madrid.es/sites/v/index.jsp?vgnextchannel=bfa48ab43d6bb410VgnVCM100000171f5a0aRCRD&vgnextoid=3876b0c40971c010VgnVCM1000000b205a0aRCRD", "link_type": "text/html", "link_rel": "alternate", "id": 4705, "content": "<p><a target=\"_blank\" href=\"http://www.madrid.es/sites/v/index.jsp?vgnextchannel=bfa48ab43d6bb410VgnVCM100000171f5a0aRCRD&vgnextoid=3876b0c40971c010VgnVCM1000000b205a0aRCRD\" >www.madrid.es</a></p>", "content_type": "html", "category_scheme": "$", "category_term": "https://datos.madrid.es/egob/kos/entidadesYorganismos/CentrosEspaciosDeporte/Gimnasios", "tipo_refugio": "polideportivo" }, "geometry": { "type": "Point", "coordinates": [ -3.733536573641621, 40.416126287892013 ] } },
{ "type": "Feature", "properties": { "title": "Centro Deportivo Municipal Cea Bermúdez", "link_href": "http://www.madrid.es/sites/v/index.jsp?vgnextchannel=bfa48ab43d6bb410VgnVCM100000171f5a0aRCRD&vgnextoid=40d41946bf658810VgnVCM2000001f4a900aRCRD", "link_type": "text/html", "link_rel": "alternate", "id": 12022187, "content": "<p>&iexcl;Ya estamos abiertos!  Si quieres inscribirte puedes hacerlo online  AQUÍ</p><p><a target=\"_blank\" href=\"http://www.madrid.es/sites/v/index.jsp?vgnextchannel=bfa48ab43d6bb410VgnVCM100000171f5a0aRCRD&vgnextoid=40d41946bf658810VgnVCM2000001f4a900aRCRD\" >www.madrid.es</a></p>", "content_type": "html", "category_scheme": "$", "category_term": "https://datos.madrid.es/egob/kos/entidadesYorganismos/CentrosEspaciosDeporte/Gimnasios", "tipo_refugio": "polideportivo" }, "geometry": { "type": "Point", "coordinates": [ -3.706107413184514, 40.438579646054457 ] } },
{ "type": "Feature", "properties": { "title": "Centro Deportivo Municipal Centro Integrado Arganzuela", "link_href": "http://www.madrid.es/sites/v/index.jsp?vgnextchannel=bfa48ab43d6bb410VgnVCM100000171f5a0aRCRD&vgnextoid=0fd38ed67151c010VgnVCM2000000c205a0aRCRD", "link_type": "text/html", "link_rel": "alternate", "id": 78960, "content": "<p><a target=\"_blank\" href=\"http://www.madrid.es/sites/v/index.jsp?vgnextchannel=bfa48ab43d6bb410VgnVCM100000171f5a0aRCRD&vgnextoid=0fd38ed67151c010VgnVCM2000000c205a0aRCRD\" >www.madrid.es</a></p>", "content_type": "html", "category_scheme": "$", "category_term": "https://datos.madrid.es/egob/kos/entidadesYorganismos/CentrosEspaciosDeporte/Gimnasios", "tipo_refugio": "polideportivo" }, "geometry": { "type": "Point", "coordinates": [ -3.695392618470702, 40.402984568194093 ] } },
{ "type": "Feature", "properties": { "title": "Centro Deportivo Municipal Cerro Almodóvar", "link_href": "http://www.madrid.es/sites/v/index.jsp?vgnextchannel=bfa48ab43d6bb410VgnVCM100000171f5a0aRCRD&vgnextoid=8e96b0c40971c010VgnVCM1000000b205a0aRCRD", "link_type": "text/html", "link_rel": "alternate", "id": 4687, "content": "<p><a target=\"_blank\" href=\"http://www.madrid.es/sites/v/index.jsp?vgnextchannel=bfa48ab43d6bb410VgnVCM100000171f5a0aRCRD&vgnextoid=8e96b0c40971c010VgnVCM1000000b205a0aRCRD\" >www.madrid.es</a></p>", "content_type": "html", "category_scheme": "$", "category_term": "https://datos.madrid.es/egob/kos/entidadesYorganismos/CentrosEspaciosDeporte/Gimnasios", "tipo_refugio": "polideportivo" }, "geometry": { "type": "Point", "coordinates": [ -3.602327770076511, 40.381688201466432 ] } },
{ "type": "Feature", "properties": { "title": "Centro Deportivo Municipal Chamartín", "link_href": "http://www.madrid.es/sites/v/index.jsp?vgnextchannel=bfa48ab43d6bb410VgnVCM100000171f5a0aRCRD&vgnextoid=5f8c79262ef5d010VgnVCM1000000b205a0aRCRD", "link_type": "text/html", "link_rel": "alternate", "id": 4700, "content": "<p><a target=\"_blank\" href=\"http://www.madrid.es/sites/v/index.jsp?vgnextchannel=bfa48ab43d6bb410VgnVCM100000171f5a0aRCRD&vgnextoid=5f8c79262ef5d010VgnVCM1000000b205a0aRCRD\" >www.madrid.es</a></p>", "content_type": "html", "category_scheme": "$", "category_term": "https://datos.madrid.es/egob/kos/entidadesYorganismos/CentrosEspaciosDeporte/Gimnasios", "tipo_refugio": "polideportivo" }, "geometry": { "type": "Point", "coordinates": [ -3.676208246061129, 40.461133498306943 ] } },
{ "type": "Feature", "properties": { "title": "Centro Deportivo Municipal Circuito Internacional BMX (Dirección General de Deporte)", "link_href": "http://www.madrid.es/sites/v/index.jsp?vgnextchannel=bfa48ab43d6bb410VgnVCM100000171f5a0aRCRD&vgnextoid=48fbf0c99a833310VgnVCM1000000b205a0aRCRD", "link_type": "text/html", "link_rel": "alternate", "id": 6208448, "content": "<p>Horarios   Horarios de invierno del circuito:   De lunes a viernes: de 15 a 21 horas.  Uso libre del circuito: de 15 a 17 horas; de 17 a 19 horas y de 19 a 21 horas.  Sábados y domingos: de 10 a 14,30 horas. Uso libre del circuito: de 10 a 12 horas y de 12 horas a 14 horas.   Horarios de verano del circuito hasta el 16 de julio de 2023:   De lunes a viernes: de 8 a 14,30 horas. Campamento: de 10 a 14 horas. Uso libre del circuito: de 8 a 10 horas. Tardes cerrado  Sábados y domingos: de 10 a 14,30 horas. Uso libre del circuito: de 10 a 12 horas y de 12 a 14,30 horas.  Cerrado por vacaciones: del 17 de julio al 31 de agosto de 2023 (ambos inclusive).</p><p><a target=\"_blank\" href=\"http://www.madrid.es/sites/v/index.jsp?vgnextchannel=bfa48ab43d6bb410VgnVCM100000171f5a0aRCRD&vgnextoid=48fbf0c99a833310VgnVCM1000000b205a0aRCRD\" >www.madrid.es</a></p>", "content_type": "html", "category_scheme": "$", "category_term": "https://datos.madrid.es/egob/kos/entidadesYorganismos/CentrosEspaciosDeporte/CanchasBaloncesto", "tipo_refugio": "polideportivo" }, "geometry": { "type": "Point", "coordinates": [ -3.689458312211342, 40.384747615288717 ] } },
{ "type": "Feature", "properties": { "title": "Centro Deportivo Municipal Ciudad de los Poetas", "link_href": "http://www.madrid.es/sites/v/index.jsp?vgnextchannel=bfa48ab43d6bb410VgnVCM100000171f5a0aRCRD&vgnextoid=2be6b0c40971c010VgnVCM1000000b205a0aRCRD", "link_type": "text/html", "link_rel": "alternate", "id": 4702, "content": "<p><a target=\"_blank\" href=\"http://www.madrid.es/sites/v/index.jsp?vgnextchannel=bfa48ab43d6bb410VgnVCM100000171f5a0aRCRD&vgnextoid=2be6b0c40971c010VgnVCM1000000b205a0aRCRD\" >www.madrid.es</a></p>", "content_type": "html", "category_scheme": "$", "category_term": "https://datos.madrid.es/egob/kos/entidadesYorganismos/CentrosEspaciosDeporte/Gimnasios", "tipo_refugio": "polideportivo" }, "geometry": { "type": "Point", "coordinates": [ -3.718932559465857, 40.465920678080856 ] } },
{ "type": "Feature", "properties": { "title": "Centro Deportivo Municipal Concepción", "link_href": "http://www.madrid.es/sites/v/index.jsp?vgnextchannel=bfa48ab43d6bb410VgnVCM100000171f5a0aRCRD&vgnextoid=f5bc79262ef5d010VgnVCM1000000b205a0aRCRD", "link_type": "text/html", "link_rel": "alternate", "id": 4672, "content": "<p><a target=\"_blank\" href=\"http://www.madrid.es/sites/v/index.jsp?vgnextchannel=bfa48ab43d6bb410VgnVCM100000171f5a0aRCRD&vgnextoid=f5bc79262ef5d010VgnVCM1000000b205a0aRCRD\" >www.madrid.es</a></p>", "content_type": "html", "category_scheme": "$", "category_term": "https://datos.madrid.es/egob/kos/entidadesYorganismos/CentrosEspaciosDeporte/Gimnasios", "tipo_refugio": "polideportivo" }, "geometry": { "type": "Point", "coordinates": [ -3.648449813229202, 40.437256520472523 ] } },
{ "type": "Feature", "properties": { "title": "Centro Deportivo Municipal Cuatro Caminos", "link_href": "http://www.madrid.es/sites/v/index.jsp?vgnextchannel=bfa48ab43d6bb410VgnVCM100000171f5a0aRCRD&vgnextoid=5184a4ba934a5910VgnVCM1000001d4a900aRCRD", "link_type": "text/html", "link_rel": "alternate", "id": 12724992, "content": "<p><a target=\"_blank\" href=\"http://www.madrid.es/sites/v/index.jsp?vgnextchannel=bfa48ab43d6bb410VgnVCM100000171f5a0aRCRD&vgnextoid=5184a4ba934a5910VgnVCM1000001d4a900aRCRD\" >www.madrid.es</a></p>", "content_type": "html", "category_scheme": "$", "category_term": "https://datos.madrid.es/egob/kos/entidadesYorganismos/CentrosEspaciosDeporte/Gimnasios", "tipo_refugio": "polideportivo" }, "geometry": { "type": "Point", "coordinates": [ -3.704030374481563, 40.44793969377676 ] } },
{ "type": "Feature", "properties": { "title": "Centro Deportivo Municipal Daoíz y Velarde 1", "link_href": "http://www.madrid.es/sites/v/index.jsp?vgnextchannel=bfa48ab43d6bb410VgnVCM100000171f5a0aRCRD&vgnextoid=380d5f463b81c010VgnVCM1000000b205a0aRCRD", "link_type": "text/html", "link_rel": "alternate", "id": 134059, "content": "<p><a target=\"_blank\" href=\"http://www.madrid.es/sites/v/index.jsp?vgnextchannel=bfa48ab43d6bb410VgnVCM100000171f5a0aRCRD&vgnextoid=380d5f463b81c010VgnVCM1000000b205a0aRCRD\" >www.madrid.es</a></p>", "content_type": "html", "category_scheme": "$", "category_term": "https://datos.madrid.es/egob/kos/entidadesYorganismos/CentrosEspaciosDeporte/Gimnasios", "tipo_refugio": "polideportivo" }, "geometry": { "type": "Point", "coordinates": [ -3.677280893229322, 40.40236990974131 ] } },
{ "type": "Feature", "properties": { "title": "Centro Deportivo Municipal Daoíz y Velarde 2", "link_href": "http://www.madrid.es/sites/v/index.jsp?vgnextchannel=bfa48ab43d6bb410VgnVCM100000171f5a0aRCRD&vgnextoid=c737b0c40971c010VgnVCM1000000b205a0aRCRD", "link_type": "text/html", "link_rel": "alternate", "id": 4726, "content": "<p><a target=\"_blank\" href=\"http://www.madrid.es/sites/v/index.jsp?vgnextchannel=bfa48ab43d6bb410VgnVCM100000171f5a0aRCRD&vgnextoid=c737b0c40971c010VgnVCM1000000b205a0aRCRD\" >www.madrid.es</a></p>", "content_type": "html", "category_scheme": "$", "category_term": "https://datos.madrid.es/egob/kos/entidadesYorganismos/CentrosEspaciosDeporte/Gimnasios", "tipo_refugio": "polideportivo" }, "geometry": { "type": "Point", "coordinates": [ -3.67789029703669, 40.400799189712316 ] } },
{ "type": "Feature", "properties": { "title": "Centro Deportivo Municipal El Espinillo", "link_href": "http://www.madrid.es/sites/v/index.jsp?vgnextchannel=bfa48ab43d6bb410VgnVCM100000171f5a0aRCRD&vgnextoid=9cdc79262ef5d010VgnVCM1000000b205a0aRCRD", "link_type": "text/html", "link_rel": "alternate", "id": 140197, "content": "<p><a target=\"_blank\" href=\"http://www.madrid.es/sites/v/index.jsp?vgnextchannel=bfa48ab43d6bb410VgnVCM100000171f5a0aRCRD&vgnextoid=9cdc79262ef5d010VgnVCM1000000b205a0aRCRD\" >www.madrid.es</a></p>", "content_type": "html", "category_scheme": "$", "category_term": "https://datos.madrid.es/egob/kos/entidadesYorganismos/CentrosEspaciosDeporte/Piscinas", "tipo_refugio": "polideportivo" }, "geometry": { "type": "Point", "coordinates": [ -3.686595141820635, 40.356341939919332 ] } },
{ "type": "Feature", "properties": { "title": "Centro Deportivo Municipal El Olivillo", "link_href": "http://www.madrid.es/sites/v/index.jsp?vgnextchannel=bfa48ab43d6bb410VgnVCM100000171f5a0aRCRD&vgnextoid=61ff5c2cdc41c010VgnVCM2000000c205a0aRCRD", "link_type": "text/html", "link_rel": "alternate", "id": 84661, "content": "<p><a target=\"_blank\" href=\"http://www.madrid.es/sites/v/index.jsp?vgnextchannel=bfa48ab43d6bb410VgnVCM100000171f5a0aRCRD&vgnextoid=61ff5c2cdc41c010VgnVCM2000000c205a0aRCRD\" >www.madrid.es</a></p>", "content_type": "html", "category_scheme": "$", "category_term": "https://datos.madrid.es/egob/kos/entidadesYorganismos/CentrosEspaciosDeporte/Gimnasios", "tipo_refugio": "polideportivo" }, "geometry": { "type": "Point", "coordinates": [ -3.745889233801086, 40.406524702214647 ] } },
{ "type": "Feature", "properties": { "title": "Centro Deportivo Municipal El Quijote", "link_href": "http://www.madrid.es/sites/v/index.jsp?vgnextchannel=bfa48ab43d6bb410VgnVCM100000171f5a0aRCRD&vgnextoid=01d7b0c40971c010VgnVCM1000000b205a0aRCRD", "link_type": "text/html", "link_rel": "alternate", "id": 4685, "content": "<p><a target=\"_blank\" href=\"http://www.madrid.es/sites/v/index.jsp?vgnextchannel=bfa48ab43d6bb410VgnVCM100000171f5a0aRCRD&vgnextoid=01d7b0c40971c010VgnVCM1000000b205a0aRCRD\" >www.madrid.es</a></p>", "content_type": "html", "category_scheme": "$", "category_term": "https://datos.madrid.es/egob/kos/entidadesYorganismos/CentrosEspaciosDeporte/Piscinas", "tipo_refugio": "polideportivo" }, "geometry": { "type": "Point", "coordinates": [ -3.713052902704859, 40.453578070680472 ] } },
{ "type": "Feature", "properties": { "title": "Centro Deportivo Municipal Entrevías", "link_href": "http://www.madrid.es/sites/v/index.jsp?vgnextchannel=bfa48ab43d6bb410VgnVCM100000171f5a0aRCRD&vgnextoid=1e57b0c40971c010VgnVCM1000000b205a0aRCRD", "link_type": "text/html", "link_rel": "alternate", "id": 4676, "content": "<p><a target=\"_blank\" href=\"http://www.madrid.es/sites/v/index.jsp?vgnextchannel=bfa48ab43d6bb410VgnVCM100000171f5a0aRCRD&vgnextoid=1e57b0c40971c010VgnVCM1000000b205a0aRCRD\" >www.madrid.es</a></p>", "content_type": "html", "category_scheme": "$", "category_term": "https://datos.madrid.es/egob/kos/entidadesYorganismos/CentrosEspaciosDeporte/CamposEstadiosFutbol", "tipo_refugio": "polideportivo" }, "geometry": { "type": "Point", "coordinates": [ -3.674532317137481, 40.378413212706285 ] } },
{ "type": "Feature", "properties": { "title": "Centro Deportivo Municipal Escuelas de San Antón", "link_href": "http://www.madrid.es/sites/v/index.jsp?vgnextchannel=bfa48ab43d6bb410VgnVCM100000171f5a0aRCRD&vgnextoid=4f9aad5078828310VgnVCM1000000b205a0aRCRD", "link_type": "text/html", "link_rel": "alternate", "id": 6486044, "content": "<p><a target=\"_blank\" href=\"http://www.madrid.es/sites/v/index.jsp?vgnextchannel=bfa48ab43d6bb410VgnVCM100000171f5a0aRCRD&vgnextoid=4f9aad5078828310VgnVCM1000000b205a0aRCRD\" >www.madrid.es</a></p>", "content_type": "html", "category_scheme": "$", "category_term": "https://datos.madrid.es/egob/kos/entidadesYorganismos/CentrosEspaciosDeporte/Gimnasios", "tipo_refugio": "polideportivo" }, "geometry": { "type": "Point", "coordinates": [ -3.699010103263697, 40.423826701208569 ] } },
{ "type": "Feature", "properties": { "title": "Centro Deportivo Municipal Estadio de Atletismo Vallehermoso (Dirección General de Deporte)", "link_href": "http://www.madrid.es/sites/v/index.jsp?vgnextchannel=bfa48ab43d6bb410VgnVCM100000171f5a0aRCRD&vgnextoid=10c0f41a5b442610VgnVCM2000001f4a900aRCRD", "link_type": "text/html", "link_rel": "alternate", "id": 10663007, "content": "<p>El estadio dispone de una pista con 8 calles y 400 metros de cuerda, con curvas de un solo radio de  36,5 metros y pavimentación con material sintético; graderío, parcialmente cubierto, para 10.000 espectadores, todos sentados; y una recta cubierta de entrenamiento de 75 x 12 metros, que es una de las principales señas de identidad características de este nuevo equipamiento, por su ubicación sobre las gradas y su peculiar arquitectura. El nuevo &ldquo;templo&rdquo; del atletismo al aire libre albergará grandes competiciones nacionales e internacionales, así como todas las pruebas federadas y municipales de carácter local, además de disponer de escuelas de promoción de este deporte.</p><p><a target=\"_blank\" href=\"http://www.madrid.es/sites/v/index.jsp?vgnextchannel=bfa48ab43d6bb410VgnVCM100000171f5a0aRCRD&vgnextoid=10c0f41a5b442610VgnVCM2000001f4a900aRCRD\" >www.madrid.es</a></p>", "content_type": "html", "category_scheme": "$", "category_term": "https://datos.madrid.es/egob/kos/entidadesYorganismos/CentrosEspaciosDeporte", "tipo_refugio": "polideportivo" }, "geometry": { "type": "Point", "coordinates": [ -3.710700237505622, 40.441913031255396 ] } },
{ "type": "Feature", "properties": { "title": "Centro Deportivo Municipal Estanque del Retiro", "link_href": "http://www.madrid.es/sites/v/index.jsp?vgnextchannel=bfa48ab43d6bb410VgnVCM100000171f5a0aRCRD&vgnextoid=6487b0c40971c010VgnVCM1000000b205a0aRCRD", "link_type": "text/html", "link_rel": "alternate", "id": 4728, "content": "<p>Información y reservas:   Las barcas del estanque del Retiro se pueden reservar a través de la taquilla del propio centro deportivo municipal.  Fechas y horarios de cierre de taquilla para el año 2026:    El 2 de enero el cierre de taquilla es a las 17:15 horas.   Desde el 3 de enero hasta el 23 de enero: 17:30 horas.   Desde el 24 de enero hasta el 6 de febrero: 17:45 horas.   Desde el 7 de febrero hasta el 20 de febrero:  18:00 horas.   Desde el 21 de febrero hasta el 6 de marzo: 18:15 horas.   Desde el 7 de marzo hasta el 20 de marzo: 18:30 horas.   Desde el 21 de marzo hasta el 28 de marzo:  18:45 horas.   Desde el 29 de marzo hasta el 10 de abril: 19:45 horas.   Desde el 11 de abril hasta el 24 de abril: 20:00 horas.   Desde el 25 de abril hasta el 8 de mayo: 20:15 horas.   Desde el 9 de mayo hasta el 21 de agosto: 20:30 horas.   Desde el 22 de agosto hasta el 4 de septiembre: 20:15 horas.   Desde el 5 de septiembre hasta el 11 de septiembre: 20:00 horas.    Desde el 12 de septiembre hasta el 18 de septiembre: 19:45 horas.   Desde el 19 de septiembre hasta el 25 de septiembre: 19:30 horas.   Desde el 26 de septiembre hasta el 9 de octubre: 19:15 horas.   Desde el 10 de octubre hasta el 16 de octubre: 19:00 horas.   Desde el 17 de octubre hasta el 24 de octubre: 18:45 horas.   Desde el 25 de octubre hasta el 6 de noviembre: 17:45 horas.   Desde el 7 de noviembre hasta el 20 de noviembre: 17:30 horas.   Desde el 21 de noviembre al 30 de diciembre: 17:15 horas.</p><p><a target=\"_blank\" href=\"http://www.madrid.es/sites/v/index.jsp?vgnextchannel=bfa48ab43d6bb410VgnVCM100000171f5a0aRCRD&vgnextoid=6487b0c40971c010VgnVCM1000000b205a0aRCRD\" >www.madrid.es</a></p>", "content_type": "html", "category_scheme": "$", "category_term": "https://datos.madrid.es/egob/kos/entidadesYorganismos/CentrosEspaciosDeporte/Embarcaderos", "tipo_refugio": "polideportivo" }, "geometry": { "type": "Point", "coordinates": [ -3.68434349797176, 40.418404517091183 ] } },
{ "type": "Feature", "properties": { "title": "Centro Deportivo Municipal Fabián Roncero", "link_href": "http://www.madrid.es/sites/v/index.jsp?vgnextchannel=bfa48ab43d6bb410VgnVCM100000171f5a0aRCRD&vgnextoid=887e306502624110VgnVCM1000000b205a0aRCRD", "link_type": "text/html", "link_rel": "alternate", "id": 4622862, "content": "<p><a target=\"_blank\" href=\"http://www.madrid.es/sites/v/index.jsp?vgnextchannel=bfa48ab43d6bb410VgnVCM100000171f5a0aRCRD&vgnextoid=887e306502624110VgnVCM1000000b205a0aRCRD\" >www.madrid.es</a></p>", "content_type": "html", "category_scheme": "$", "category_term": "https://datos.madrid.es/egob/kos/entidadesYorganismos/CentrosEspaciosDeporte/Gimnasios", "tipo_refugio": "polideportivo" }, "geometry": { "type": "Point", "coordinates": [ -3.597577201182505, 40.44965684114441 ] } },
{ "type": "Feature", "properties": { "title": "Centro Deportivo Municipal Faustina Valladolid", "link_href": "http://www.madrid.es/sites/v/index.jsp?vgnextchannel=bfa48ab43d6bb410VgnVCM100000171f5a0aRCRD&vgnextoid=a64f79262ef5d010VgnVCM1000000b205a0aRCRD", "link_type": "text/html", "link_rel": "alternate", "id": 120275, "content": "<p><a target=\"_blank\" href=\"http://www.madrid.es/sites/v/index.jsp?vgnextchannel=bfa48ab43d6bb410VgnVCM100000171f5a0aRCRD&vgnextoid=a64f79262ef5d010VgnVCM1000000b205a0aRCRD\" >www.madrid.es</a></p>", "content_type": "html", "category_scheme": "$", "category_term": "https://datos.madrid.es/egob/kos/entidadesYorganismos/CentrosEspaciosDeporte/Gimnasios", "tipo_refugio": "polideportivo" }, "geometry": { "type": "Point", "coordinates": [ -3.622901144863193, 40.404189610572978 ] } },
{ "type": "Feature", "properties": { "title": "Centro Deportivo Municipal Fernando Carro - Las Rosas", "link_href": "http://www.madrid.es/sites/v/index.jsp?vgnextchannel=bfa48ab43d6bb410VgnVCM100000171f5a0aRCRD&vgnextoid=bbe24221a4f1d910VgnVCM100000891ecb1aRCRD", "link_type": "text/html", "link_rel": "alternate", "id": 50264232, "content": "<p><a target=\"_blank\" href=\"http://www.madrid.es/sites/v/index.jsp?vgnextchannel=bfa48ab43d6bb410VgnVCM100000171f5a0aRCRD&vgnextoid=bbe24221a4f1d910VgnVCM100000891ecb1aRCRD\" >www.madrid.es</a></p>", "content_type": "html", "category_scheme": "$", "category_term": "https://datos.madrid.es/egob/kos/entidadesYorganismos/CentrosEspaciosDeporte/Gimnasios", "tipo_refugio": "polideportivo" }, "geometry": { "type": "Point", "coordinates": [ -3.603325784413034, 40.431228205338471 ] } },
{ "type": "Feature", "properties": { "title": "Centro Deportivo Municipal Fernando Martín", "link_href": "http://www.madrid.es/sites/v/index.jsp?vgnextchannel=bfa48ab43d6bb410VgnVCM100000171f5a0aRCRD&vgnextoid=baa7b0c40971c010VgnVCM1000000b205a0aRCRD", "link_type": "text/html", "link_rel": "alternate", "id": 4703, "content": "<p><a target=\"_blank\" href=\"http://www.madrid.es/sites/v/index.jsp?vgnextchannel=bfa48ab43d6bb410VgnVCM100000171f5a0aRCRD&vgnextoid=baa7b0c40971c010VgnVCM1000000b205a0aRCRD\" >www.madrid.es</a></p>", "content_type": "html", "category_scheme": "$", "category_term": "https://datos.madrid.es/egob/kos/entidadesYorganismos/CentrosEspaciosDeporte/Gimnasios", "tipo_refugio": "polideportivo" }, "geometry": { "type": "Point", "coordinates": [ -3.712191829928863, 40.460935404623164 ] } },
{ "type": "Feature", "properties": { "title": "Centro Deportivo Municipal Francisco Fernández Ochoa", "link_href": "http://www.madrid.es/sites/v/index.jsp?vgnextchannel=bfa48ab43d6bb410VgnVCM100000171f5a0aRCRD&vgnextoid=aea1249dbda24110VgnVCM1000000b205a0aRCRD", "link_type": "text/html", "link_rel": "alternate", "id": 4623547, "content": "<p>Consulta listado de actividades:   Presencialmente: en el centro deportivo municipal  donde se desarrolla la actividad que se solicita, y dentro de los plazos establecidos.  En linea:  a través de Deportes/web y descargándote la app Avisos Madrid, a través de uno de los siguientes enlaces.  Para Android, a traves de Google Play  Para iOs, a través de Apple Store</p><p><a target=\"_blank\" href=\"http://www.madrid.es/sites/v/index.jsp?vgnextchannel=bfa48ab43d6bb410VgnVCM100000171f5a0aRCRD&vgnextoid=aea1249dbda24110VgnVCM1000000b205a0aRCRD\" >www.madrid.es</a></p>", "content_type": "html", "category_scheme": "$", "category_term": "https://datos.madrid.es/egob/kos/entidadesYorganismos/CentrosEspaciosDeporte/Gimnasios", "tipo_refugio": "polideportivo" }, "geometry": { "type": "Point", "coordinates": [ -3.740893980533789, 40.365817769781131 ] } },
{ "type": "Feature", "properties": { "title": "Centro Deportivo Municipal Fuente del Berro", "link_href": "http://www.madrid.es/sites/v/index.jsp?vgnextchannel=bfa48ab43d6bb410VgnVCM100000171f5a0aRCRD&vgnextoid=f4a2318c05b24110VgnVCM1000000b205a0aRCRD", "link_type": "text/html", "link_rel": "alternate", "id": 4623697, "content": "<p><a target=\"_blank\" href=\"http://www.madrid.es/sites/v/index.jsp?vgnextchannel=bfa48ab43d6bb410VgnVCM100000171f5a0aRCRD&vgnextoid=f4a2318c05b24110VgnVCM1000000b205a0aRCRD\" >www.madrid.es</a></p>", "content_type": "html", "category_scheme": "$", "category_term": "https://datos.madrid.es/egob/kos/entidadesYorganismos/CentrosEspaciosDeporte/Gimnasios", "tipo_refugio": "polideportivo" }, "geometry": { "type": "Point", "coordinates": [ -3.665251515467017, 40.421719568548767 ] } },
{ "type": "Feature", "properties": { "title": "Centro Deportivo Municipal Félix Rubio", "link_href": "http://www.madrid.es/sites/v/index.jsp?vgnextchannel=bfa48ab43d6bb410VgnVCM100000171f5a0aRCRD&vgnextoid=330d79262ef5d010VgnVCM1000000b205a0aRCRD", "link_type": "text/html", "link_rel": "alternate", "id": 124194, "content": "<p><a target=\"_blank\" href=\"http://www.madrid.es/sites/v/index.jsp?vgnextchannel=bfa48ab43d6bb410VgnVCM100000171f5a0aRCRD&vgnextoid=330d79262ef5d010VgnVCM1000000b205a0aRCRD\" >www.madrid.es</a></p>", "content_type": "html", "category_scheme": "$", "category_term": "https://datos.madrid.es/egob/kos/entidadesYorganismos/CentrosEspaciosDeporte/Rocodromo", "tipo_refugio": "polideportivo" }, "geometry": { "type": "Point", "coordinates": [ -3.691528804696943, 40.357429678675295 ] } },
{ "type": "Feature", "properties": { "title": "Centro Deportivo Municipal Fúcar", "link_href": "http://www.madrid.es/sites/v/index.jsp?vgnextchannel=bfa48ab43d6bb410VgnVCM100000171f5a0aRCRD&vgnextoid=db853cfd927fc910VgnVCM200000f921e388RCRD", "link_type": "text/html", "link_rel": "alternate", "id": 50257984, "content": "<p><a target=\"_blank\" href=\"http://www.madrid.es/sites/v/index.jsp?vgnextchannel=bfa48ab43d6bb410VgnVCM100000171f5a0aRCRD&vgnextoid=db853cfd927fc910VgnVCM200000f921e388RCRD\" >www.madrid.es</a></p>", "content_type": "html", "category_scheme": "$", "category_term": "https://datos.madrid.es/egob/kos/entidadesYorganismos/CentrosEspaciosDeporte/Gimnasios", "tipo_refugio": "polideportivo" }, "geometry": { "type": "Point", "coordinates": [ -3.69568293071256, 40.41190656538047 ] } },
{ "type": "Feature", "properties": { "title": "Centro Deportivo Municipal Gallur", "link_href": "http://www.madrid.es/sites/v/index.jsp?vgnextchannel=bfa48ab43d6bb410VgnVCM100000171f5a0aRCRD&vgnextoid=d92d79262ef5d010VgnVCM1000000b205a0aRCRD", "link_type": "text/html", "link_rel": "alternate", "id": 4698, "content": "<p><a target=\"_blank\" href=\"http://www.madrid.es/sites/v/index.jsp?vgnextchannel=bfa48ab43d6bb410VgnVCM100000171f5a0aRCRD&vgnextoid=d92d79262ef5d010VgnVCM1000000b205a0aRCRD\" >www.madrid.es</a></p>", "content_type": "html", "category_scheme": "$", "category_term": "https://datos.madrid.es/egob/kos/entidadesYorganismos/CentrosEspaciosDeporte/Gimnasios", "tipo_refugio": "polideportivo" }, "geometry": { "type": "Point", "coordinates": [ -3.735371180736436, 40.398474762124025 ] } },
{ "type": "Feature", "properties": { "title": "Centro Deportivo Municipal Gimnasio Moscardó", "link_href": "http://www.madrid.es/sites/v/index.jsp?vgnextchannel=bfa48ab43d6bb410VgnVCM100000171f5a0aRCRD&vgnextoid=c7cee7510551c010VgnVCM2000000c205a0aRCRD", "link_type": "text/html", "link_rel": "alternate", "id": 51661, "content": "<p><a target=\"_blank\" href=\"http://www.madrid.es/sites/v/index.jsp?vgnextchannel=bfa48ab43d6bb410VgnVCM100000171f5a0aRCRD&vgnextoid=c7cee7510551c010VgnVCM2000000c205a0aRCRD\" >www.madrid.es</a></p>", "content_type": "html", "category_scheme": "$", "category_term": "https://datos.madrid.es/egob/kos/entidadesYorganismos/CentrosEspaciosDeporte/Gimnasios", "tipo_refugio": "polideportivo" }, "geometry": { "type": "Point", "coordinates": [ -3.674502029997267, 40.437945289676996 ] } },
{ "type": "Feature", "properties": { "title": "Centro Deportivo Municipal Hortaleza", "link_href": "http://www.madrid.es/sites/v/index.jsp?vgnextchannel=bfa48ab43d6bb410VgnVCM100000171f5a0aRCRD&vgnextoid=705d79262ef5d010VgnVCM1000000b205a0aRCRD", "link_type": "text/html", "link_rel": "alternate", "id": 4680, "content": "<p><a target=\"_blank\" href=\"http://www.madrid.es/sites/v/index.jsp?vgnextchannel=bfa48ab43d6bb410VgnVCM100000171f5a0aRCRD&vgnextoid=705d79262ef5d010VgnVCM1000000b205a0aRCRD\" >www.madrid.es</a></p>", "content_type": "html", "category_scheme": "$", "category_term": "https://datos.madrid.es/egob/kos/entidadesYorganismos/CentrosEspaciosDeporte/Gimnasios", "tipo_refugio": "polideportivo" }, "geometry": { "type": "Point", "coordinates": [ -3.652718352555301, 40.478727926440101 ] } },
{ "type": "Feature", "properties": { "title": "Centro Deportivo Municipal José María Cagigal", "link_href": "http://www.madrid.es/sites/v/index.jsp?vgnextchannel=bfa48ab43d6bb410VgnVCM100000171f5a0aRCRD&vgnextoid=177d79262ef5d010VgnVCM1000000b205a0aRCRD", "link_type": "text/html", "link_rel": "alternate", "id": 4704, "content": "<p><a target=\"_blank\" href=\"http://www.madrid.es/sites/v/index.jsp?vgnextchannel=bfa48ab43d6bb410VgnVCM100000171f5a0aRCRD&vgnextoid=177d79262ef5d010VgnVCM1000000b205a0aRCRD\" >www.madrid.es</a></p>", "content_type": "html", "category_scheme": "$", "category_term": "https://datos.madrid.es/egob/kos/entidadesYorganismos/CentrosEspaciosDeporte/Gimnasios", "tipo_refugio": "polideportivo" }, "geometry": { "type": "Point", "coordinates": [ -3.736964599283136, 40.432149553427848 ] } },
{ "type": "Feature", "properties": { "title": "Centro Deportivo Municipal Juan de Dios Román", "link_href": "http://www.madrid.es/sites/v/index.jsp?vgnextchannel=bfa48ab43d6bb410VgnVCM100000171f5a0aRCRD&vgnextoid=2ec21fc9c969e710VgnVCM1000001d4a900aRCRD", "link_type": "text/html", "link_rel": "alternate", "id": 11580683, "content": "<p><a target=\"_blank\" href=\"http://www.madrid.es/sites/v/index.jsp?vgnextchannel=bfa48ab43d6bb410VgnVCM100000171f5a0aRCRD&vgnextoid=2ec21fc9c969e710VgnVCM1000001d4a900aRCRD\" >www.madrid.es</a></p>", "content_type": "html", "category_scheme": "$", "category_term": "https://datos.madrid.es/egob/kos/entidadesYorganismos/CentrosEspaciosDeporte/Gimnasios", "tipo_refugio": "polideportivo" }, "geometry": { "type": "Point", "coordinates": [ -3.60518607500416, 40.363915814800073 ] } },
{ "type": "Feature", "properties": { "title": "Centro Deportivo Municipal La Almudena", "link_href": "http://www.madrid.es/sites/v/index.jsp?vgnextchannel=bfa48ab43d6bb410VgnVCM100000171f5a0aRCRD&vgnextoid=ff13318c05b24110VgnVCM1000000b205a0aRCRD", "link_type": "text/html", "link_rel": "alternate", "id": 4623700, "content": "<p><a target=\"_blank\" href=\"http://www.madrid.es/sites/v/index.jsp?vgnextchannel=bfa48ab43d6bb410VgnVCM100000171f5a0aRCRD&vgnextoid=ff13318c05b24110VgnVCM1000000b205a0aRCRD\" >www.madrid.es</a></p>", "content_type": "html", "category_scheme": "$", "category_term": "https://datos.madrid.es/egob/kos/entidadesYorganismos/CentrosEspaciosDeporte/Piscinas", "tipo_refugio": "polideportivo" }, "geometry": { "type": "Point", "coordinates": [ -3.632423730722762, 40.420606498696038 ] } },
{ "type": "Feature", "properties": { "title": "Centro Deportivo Municipal La Bombilla", "link_href": "http://www.madrid.es/sites/v/index.jsp?vgnextchannel=bfa48ab43d6bb410VgnVCM100000171f5a0aRCRD&vgnextoid=5a6842be9971c010VgnVCM1000000b205a0aRCRD", "link_type": "text/html", "link_rel": "alternate", "id": 4722, "content": "<p><a target=\"_blank\" href=\"http://www.madrid.es/sites/v/index.jsp?vgnextchannel=bfa48ab43d6bb410VgnVCM100000171f5a0aRCRD&vgnextoid=5a6842be9971c010VgnVCM1000000b205a0aRCRD\" >www.madrid.es</a></p>", "content_type": "html", "category_scheme": "$", "category_term": "https://datos.madrid.es/egob/kos/entidadesYorganismos/CentrosEspaciosDeporte/PistasTenisBadminton", "tipo_refugio": "polideportivo" }, "geometry": { "type": "Point", "coordinates": [ -3.731936574991669, 40.432672600405887 ] } },
{ "type": "Feature", "properties": { "title": "Centro Deportivo Municipal La Chopera", "link_href": "http://www.madrid.es/sites/v/index.jsp?vgnextchannel=bfa48ab43d6bb410VgnVCM100000171f5a0aRCRD&vgnextoid=a09842be9971c010VgnVCM1000000b205a0aRCRD", "link_type": "text/html", "link_rel": "alternate", "id": 4697, "content": "<p><a target=\"_blank\" href=\"http://www.madrid.es/sites/v/index.jsp?vgnextchannel=bfa48ab43d6bb410VgnVCM100000171f5a0aRCRD&vgnextoid=a09842be9971c010VgnVCM1000000b205a0aRCRD\" >www.madrid.es</a></p>", "content_type": "html", "category_scheme": "$", "category_term": "https://datos.madrid.es/egob/kos/entidadesYorganismos/CentrosEspaciosDeporte/Gimnasios", "tipo_refugio": "polideportivo" }, "geometry": { "type": "Point", "coordinates": [ -3.686209227175977, 40.412290927416464 ] } },
{ "type": "Feature", "properties": { "title": "Centro Deportivo Municipal La Elipa", "link_href": "http://www.madrid.es/sites/v/index.jsp?vgnextchannel=bfa48ab43d6bb410VgnVCM100000171f5a0aRCRD&vgnextoid=f6b842be9971c010VgnVCM1000000b205a0aRCRD", "link_type": "text/html", "link_rel": "alternate", "id": 4674, "content": "<p><a target=\"_blank\" href=\"http://www.madrid.es/sites/v/index.jsp?vgnextchannel=bfa48ab43d6bb410VgnVCM100000171f5a0aRCRD&vgnextoid=f6b842be9971c010VgnVCM1000000b205a0aRCRD\" >www.madrid.es</a></p>", "content_type": "html", "category_scheme": "$", "category_term": "https://datos.madrid.es/egob/kos/entidadesYorganismos/CentrosEspaciosDeporte/Gimnasios", "tipo_refugio": "polideportivo" }, "geometry": { "type": "Point", "coordinates": [ -3.655949875852283, 40.41433123768487 ] } },
{ "type": "Feature", "properties": { "title": "Centro Deportivo Municipal La Fundi", "link_href": "http://www.madrid.es/sites/v/index.jsp?vgnextchannel=bfa48ab43d6bb410VgnVCM100000171f5a0aRCRD&vgnextoid=9b26b0c40971c010VgnVCM1000000b205a0aRCRD", "link_type": "text/html", "link_rel": "alternate", "id": 4694, "content": "<p><a target=\"_blank\" href=\"http://www.madrid.es/sites/v/index.jsp?vgnextchannel=bfa48ab43d6bb410VgnVCM100000171f5a0aRCRD&vgnextoid=9b26b0c40971c010VgnVCM1000000b205a0aRCRD\" >www.madrid.es</a></p>", "content_type": "html", "category_scheme": "$", "category_term": "https://datos.madrid.es/egob/kos/entidadesYorganismos/CentrosEspaciosDeporte/Gimnasios", "tipo_refugio": "polideportivo" }, "geometry": { "type": "Point", "coordinates": [ -3.691341060146108, 40.394377158851029 ] } },
{ "type": "Feature", "properties": { "title": "Centro Deportivo Municipal La Masó - Luis de la Fuente", "link_href": "http://www.madrid.es/sites/v/index.jsp?vgnextchannel=bfa48ab43d6bb410VgnVCM100000171f5a0aRCRD&vgnextoid=15efe8ae8d81c010VgnVCM1000000b205a0aRCRD", "link_type": "text/html", "link_rel": "alternate", "id": 104235, "content": "<p><a target=\"_blank\" href=\"http://www.madrid.es/sites/v/index.jsp?vgnextchannel=bfa48ab43d6bb410VgnVCM100000171f5a0aRCRD&vgnextoid=15efe8ae8d81c010VgnVCM1000000b205a0aRCRD\" >www.madrid.es</a></p>", "content_type": "html", "category_scheme": "$", "category_term": "https://datos.madrid.es/egob/kos/entidadesYorganismos/CentrosEspaciosDeporte/Gimnasios", "tipo_refugio": "polideportivo" }, "geometry": { "type": "Point", "coordinates": [ -3.714422256471986, 40.484425999320862 ] } },
{ "type": "Feature", "properties": { "title": "Centro Deportivo Municipal Lago Casa de Campo", "link_href": "http://www.madrid.es/sites/v/index.jsp?vgnextchannel=bfa48ab43d6bb410VgnVCM100000171f5a0aRCRD&vgnextoid=cd9d79262ef5d010VgnVCM1000000b205a0aRCRD", "link_type": "text/html", "link_rel": "alternate", "id": 4834, "content": "<p>Información y reservas:   Las barcas del Lago de la Casa de Campo se pueden reservar a través de la taquilla del propio centro deportivo municipal.  También, puedes reservar a través de la App Madrid Móvil:    Abrir la App y elegir &ldquo;Correo y contraseña&rdquo; u &ldquo;Omitir registro&rdquo;. Seleccionar la imagen del nadador.  Seleccionar &ldquo;Entradas de uso libre&rdquo;.  Seleccionar &ldquo;Barcas de recreo&rdquo;.  Seleccionar &ldquo;Lago Casa de Campo&rdquo;.  Seleccionar &ldquo;Fecha y hora&rdquo;.   Además, puedes reservar a través de deportesweb.madrid.es:  Abrir la web y elegir &ldquo;Correo y contraseña&rdquo; u &ldquo;Omitir registro&rdquo;.  Seleccionar &ldquo;Barcas de recreo&rdquo;.  Seleccionar &ldquo;Lago Casa de Campo&rdquo;.  Seleccionar &ldquo;Fecha y hora&rdquo;. El plazo para reservar sesiones es de 12 horas antes del inicio de la prestación del servicio.</p><p><a target=\"_blank\" href=\"http://www.madrid.es/sites/v/index.jsp?vgnextchannel=bfa48ab43d6bb410VgnVCM100000171f5a0aRCRD&vgnextoid=cd9d79262ef5d010VgnVCM1000000b205a0aRCRD\" >www.madrid.es</a></p>", "content_type": "html", "category_scheme": "$", "category_term": "https://datos.madrid.es/egob/kos/entidadesYorganismos/CentrosEspaciosDeporte/Embarcaderos", "tipo_refugio": "polideportivo" }, "geometry": { "type": "Point", "coordinates": [ -3.731495268567994, 40.417013097503705 ] } },
{ "type": "Feature", "properties": { "title": "Centro Deportivo Municipal Las Cruces", "link_href": "http://www.madrid.es/sites/v/index.jsp?vgnextchannel=bfa48ab43d6bb410VgnVCM100000171f5a0aRCRD&vgnextoid=6a6952ff55b41110VgnVCM1000000b205a0aRCRD", "link_type": "text/html", "link_rel": "alternate", "id": 4538574, "content": "<p><a target=\"_blank\" href=\"http://www.madrid.es/sites/v/index.jsp?vgnextchannel=bfa48ab43d6bb410VgnVCM100000171f5a0aRCRD&vgnextoid=6a6952ff55b41110VgnVCM1000000b205a0aRCRD\" >www.madrid.es</a></p>", "content_type": "html", "category_scheme": "$", "category_term": "https://datos.madrid.es/egob/kos/entidadesYorganismos/CentrosEspaciosDeporte/CamposEstadiosFutbol", "tipo_refugio": "polideportivo" }, "geometry": { "type": "Point", "coordinates": [ -3.756261211338478, 40.378854843572697 ] } },
{ "type": "Feature", "properties": { "title": "Centro Deportivo Municipal Los Prunos", "link_href": "http://www.madrid.es/sites/v/index.jsp?vgnextchannel=bfa48ab43d6bb410VgnVCM100000171f5a0aRCRD&vgnextoid=e705dfa167204110VgnVCM1000000b205a0aRCRD", "link_type": "text/html", "link_rel": "alternate", "id": 4619937, "content": "<p>Forma de gestión: indirecta, por medio de concesión de la gestión de los servicios deportivos Los Prunos   Para acceder a este centro deportivo municipal de gestión indirecta únicamente serán válidos los abonos adquiridos en este centro. Se recomienda consultar los precios de  utilización de las zonas termales y de spa, en las oficinas del centro deportivo.</p><p><a target=\"_blank\" href=\"http://www.madrid.es/sites/v/index.jsp?vgnextchannel=bfa48ab43d6bb410VgnVCM100000171f5a0aRCRD&vgnextoid=e705dfa167204110VgnVCM1000000b205a0aRCRD\" >www.madrid.es</a></p>", "content_type": "html", "category_scheme": "$", "category_term": "https://datos.madrid.es/egob/kos/entidadesYorganismos/CentrosEspaciosDeporte/Gimnasios", "tipo_refugio": "polideportivo" }, "geometry": { "type": "Point", "coordinates": [ -3.618695642819986, 40.453257453448046 ] } },
{ "type": "Feature", "properties": { "title": "Centro Deportivo Municipal Luis Aragonés", "link_href": "http://www.madrid.es/sites/v/index.jsp?vgnextchannel=bfa48ab43d6bb410VgnVCM100000171f5a0aRCRD&vgnextoid=64cd79262ef5d010VgnVCM1000000b205a0aRCRD", "link_type": "text/html", "link_rel": "alternate", "id": 4681, "content": "<p><a target=\"_blank\" href=\"http://www.madrid.es/sites/v/index.jsp?vgnextchannel=bfa48ab43d6bb410VgnVCM100000171f5a0aRCRD&vgnextoid=64cd79262ef5d010VgnVCM1000000b205a0aRCRD\" >www.madrid.es</a></p>", "content_type": "html", "category_scheme": "$", "category_term": "https://datos.madrid.es/egob/kos/entidadesYorganismos/CentrosEspaciosDeporte/Gimnasios", "tipo_refugio": "polideportivo" }, "geometry": { "type": "Point", "coordinates": [ -3.627587714502582, 40.464650948053816 ] } },
{ "type": "Feature", "properties": { "title": "Centro Deportivo Municipal Margot Moles", "link_href": "http://www.madrid.es/sites/v/index.jsp?vgnextchannel=bfa48ab43d6bb410VgnVCM100000171f5a0aRCRD&vgnextoid=4d6f79262ef5d010VgnVCM1000000b205a0aRCRD", "link_type": "text/html", "link_rel": "alternate", "id": 4688, "content": "<p><a target=\"_blank\" href=\"http://www.madrid.es/sites/v/index.jsp?vgnextchannel=bfa48ab43d6bb410VgnVCM100000171f5a0aRCRD&vgnextoid=4d6f79262ef5d010VgnVCM1000000b205a0aRCRD\" >www.madrid.es</a></p>", "content_type": "html", "category_scheme": "$", "category_term": "https://datos.madrid.es/egob/kos/entidadesYorganismos/CentrosEspaciosDeporte/Gimnasios", "tipo_refugio": "polideportivo" }, "geometry": { "type": "Point", "coordinates": [ -3.603264732850392, 40.409140618584033 ] } },
{ "type": "Feature", "properties": { "title": "Centro Deportivo Municipal Marqués de Samaranch", "link_href": "http://www.madrid.es/sites/v/index.jsp?vgnextchannel=bfa48ab43d6bb410VgnVCM100000171f5a0aRCRD&vgnextoid=6b00e8ae8d81c010VgnVCM1000000b205a0aRCRD", "link_type": "text/html", "link_rel": "alternate", "id": 121729, "content": "<p><a target=\"_blank\" href=\"http://www.madrid.es/sites/v/index.jsp?vgnextchannel=bfa48ab43d6bb410VgnVCM100000171f5a0aRCRD&vgnextoid=6b00e8ae8d81c010VgnVCM1000000b205a0aRCRD\" >www.madrid.es</a></p>", "content_type": "html", "category_scheme": "$", "category_term": "https://datos.madrid.es/egob/kos/entidadesYorganismos/CentrosEspaciosDeporte/Gimnasios", "tipo_refugio": "polideportivo" }, "geometry": { "type": "Point", "coordinates": [ -3.717380722193919, 40.40761501410649 ] } },
{ "type": "Feature", "properties": { "title": "Centro Deportivo Municipal María Jesús Rosa", "link_href": "http://www.madrid.es/sites/v/index.jsp?vgnextchannel=bfa48ab43d6bb410VgnVCM100000171f5a0aRCRD&vgnextoid=e92942be9971c010VgnVCM1000000b205a0aRCRD", "link_type": "text/html", "link_rel": "alternate", "id": 4707, "content": "<p><a target=\"_blank\" href=\"http://www.madrid.es/sites/v/index.jsp?vgnextchannel=bfa48ab43d6bb410VgnVCM100000171f5a0aRCRD&vgnextoid=e92942be9971c010VgnVCM1000000b205a0aRCRD\" >www.madrid.es</a></p>", "content_type": "html", "category_scheme": "$", "category_term": "https://datos.madrid.es/egob/kos/entidadesYorganismos/CentrosEspaciosDeporte/Piscinas", "tipo_refugio": "polideportivo" }, "geometry": { "type": "Point", "coordinates": [ -3.70869932813119, 40.47876758357458 ] } },
{ "type": "Feature", "properties": { "title": "Centro Deportivo Municipal Miguel Guillén Prim", "link_href": "http://www.madrid.es/sites/v/index.jsp?vgnextchannel=bfa48ab43d6bb410VgnVCM100000171f5a0aRCRD&vgnextoid=ecd237c71d4a6110VgnVCM1000000b205a0aRCRD", "link_type": "text/html", "link_rel": "alternate", "id": 4701827, "content": "<p><a target=\"_blank\" href=\"http://www.madrid.es/sites/v/index.jsp?vgnextchannel=bfa48ab43d6bb410VgnVCM100000171f5a0aRCRD&vgnextoid=ecd237c71d4a6110VgnVCM1000000b205a0aRCRD\" >www.madrid.es</a></p>", "content_type": "html", "category_scheme": "$", "category_term": "https://datos.madrid.es/egob/kos/entidadesYorganismos/CentrosEspaciosDeporte/Gimnasios", "tipo_refugio": "polideportivo" }, "geometry": { "type": "Point", "coordinates": [ -3.623151468598157, 40.373818554521669 ] } },
{ "type": "Feature", "properties": { "title": "Centro Deportivo Municipal Mistral", "link_href": "http://www.madrid.es/sites/v/index.jsp?vgnextchannel=bfa48ab43d6bb410VgnVCM100000171f5a0aRCRD&vgnextoid=791cf0388f0ee810VgnVCM2000001f4a900aRCRD", "link_type": "text/html", "link_rel": "alternate", "id": 12346116, "content": "<p><a target=\"_blank\" href=\"http://www.madrid.es/sites/v/index.jsp?vgnextchannel=bfa48ab43d6bb410VgnVCM100000171f5a0aRCRD&vgnextoid=791cf0388f0ee810VgnVCM2000001f4a900aRCRD\" >www.madrid.es</a></p>", "content_type": "html", "category_scheme": "$", "category_term": "https://datos.madrid.es/egob/kos/entidadesYorganismos/CentrosEspaciosDeporte/Piscinas", "tipo_refugio": "polideportivo" }, "geometry": { "type": "Point", "coordinates": [ -3.597297143178447, 40.473321985273365 ] } },
{ "type": "Feature", "properties": { "title": "Centro Deportivo Municipal Moratalaz", "link_href": "http://www.madrid.es/sites/v/index.jsp?vgnextchannel=bfa48ab43d6bb410VgnVCM100000171f5a0aRCRD&vgnextoid=dc9942be9971c010VgnVCM1000000b205a0aRCRD", "link_type": "text/html", "link_rel": "alternate", "id": 4673, "content": "<p><a target=\"_blank\" href=\"http://www.madrid.es/sites/v/index.jsp?vgnextchannel=bfa48ab43d6bb410VgnVCM100000171f5a0aRCRD&vgnextoid=dc9942be9971c010VgnVCM1000000b205a0aRCRD\" >www.madrid.es</a></p>", "content_type": "html", "category_scheme": "$", "category_term": "https://datos.madrid.es/egob/kos/entidadesYorganismos/CentrosEspaciosDeporte/Gimnasios", "tipo_refugio": "polideportivo" }, "geometry": { "type": "Point", "coordinates": [ -3.632432290214539, 40.398858545723392 ] } },
{ "type": "Feature", "properties": { "title": "Centro Deportivo Municipal Moscardó", "link_href": "http://www.madrid.es/sites/v/index.jsp?vgnextchannel=bfa48ab43d6bb410VgnVCM100000171f5a0aRCRD&vgnextoid=23c942be9971c010VgnVCM1000000b205a0aRCRD", "link_type": "text/html", "link_rel": "alternate", "id": 4691, "content": "<p><a target=\"_blank\" href=\"http://www.madrid.es/sites/v/index.jsp?vgnextchannel=bfa48ab43d6bb410VgnVCM100000171f5a0aRCRD&vgnextoid=23c942be9971c010VgnVCM1000000b205a0aRCRD\" >www.madrid.es</a></p>", "content_type": "html", "category_scheme": "$", "category_term": "https://datos.madrid.es/egob/kos/entidadesYorganismos/CentrosEspaciosDeporte/Gimnasios", "tipo_refugio": "polideportivo" }, "geometry": { "type": "Point", "coordinates": [ -3.706303079808029, 40.388502904269671 ] } },
{ "type": "Feature", "properties": { "title": "Centro Deportivo Municipal Orcasitas", "link_href": "http://www.madrid.es/sites/v/index.jsp?vgnextchannel=bfa48ab43d6bb410VgnVCM100000171f5a0aRCRD&vgnextoid=a11e79262ef5d010VgnVCM1000000b205a0aRCRD", "link_type": "text/html", "link_rel": "alternate", "id": 4693, "content": "<p><a target=\"_blank\" href=\"http://www.madrid.es/sites/v/index.jsp?vgnextchannel=bfa48ab43d6bb410VgnVCM100000171f5a0aRCRD&vgnextoid=a11e79262ef5d010VgnVCM1000000b205a0aRCRD\" >www.madrid.es</a></p>", "content_type": "html", "category_scheme": "$", "category_term": "https://datos.madrid.es/egob/kos/entidadesYorganismos/CentrosEspaciosDeporte/Gimnasios", "tipo_refugio": "polideportivo" }, "geometry": { "type": "Point", "coordinates": [ -3.71245854352948, 40.375582138584242 ] } },
{ "type": "Feature", "properties": { "title": "Centro Deportivo Municipal Orcasur", "link_href": "http://www.madrid.es/sites/v/index.jsp?vgnextchannel=bfa48ab43d6bb410VgnVCM100000171f5a0aRCRD&vgnextoid=483e79262ef5d010VgnVCM1000000b205a0aRCRD", "link_type": "text/html", "link_rel": "alternate", "id": 4690, "content": "<p><a target=\"_blank\" href=\"http://www.madrid.es/sites/v/index.jsp?vgnextchannel=bfa48ab43d6bb410VgnVCM100000171f5a0aRCRD&vgnextoid=483e79262ef5d010VgnVCM1000000b205a0aRCRD\" >www.madrid.es</a></p>", "content_type": "html", "category_scheme": "$", "category_term": "https://datos.madrid.es/egob/kos/entidadesYorganismos/CentrosEspaciosDeporte/Gimnasios", "tipo_refugio": "polideportivo" }, "geometry": { "type": "Point", "coordinates": [ -3.699468900607744, 40.370219933738589 ] } },
{ "type": "Feature", "properties": { "title": "Centro Deportivo Municipal Pabellón Villa de Madrid", "link_href": "http://www.madrid.es/sites/v/index.jsp?vgnextchannel=bfa48ab43d6bb410VgnVCM100000171f5a0aRCRD&vgnextoid=6e67668e4a336110VgnVCM1000000b205a0aRCRD", "link_type": "text/html", "link_rel": "alternate", "id": 4684794, "content": "<p><a target=\"_blank\" href=\"http://www.madrid.es/sites/v/index.jsp?vgnextchannel=bfa48ab43d6bb410VgnVCM100000171f5a0aRCRD&vgnextoid=6e67668e4a336110VgnVCM1000000b205a0aRCRD\" >www.madrid.es</a></p>", "content_type": "html", "category_scheme": "$", "category_term": "https://datos.madrid.es/egob/kos/entidadesYorganismos/CentrosEspaciosDeporte/Gimnasios", "tipo_refugio": "polideportivo" }, "geometry": { "type": "Point", "coordinates": [ -3.589106929172611, 40.461457083249577 ] } },
{ "type": "Feature", "properties": { "title": "Centro Deportivo Municipal Palomeras", "link_href": "http://www.madrid.es/sites/v/index.jsp?vgnextchannel=bfa48ab43d6bb410VgnVCM100000171f5a0aRCRD&vgnextoid=ee5e79262ef5d010VgnVCM1000000b205a0aRCRD", "link_type": "text/html", "link_rel": "alternate", "id": 4675, "content": "<p>Este centro deportivo no dispone de cafetería.</p><p><a target=\"_blank\" href=\"http://www.madrid.es/sites/v/index.jsp?vgnextchannel=bfa48ab43d6bb410VgnVCM100000171f5a0aRCRD&vgnextoid=ee5e79262ef5d010VgnVCM1000000b205a0aRCRD\" >www.madrid.es</a></p>", "content_type": "html", "category_scheme": "$", "category_term": "https://datos.madrid.es/egob/kos/entidadesYorganismos/CentrosEspaciosDeporte/Gimnasios", "tipo_refugio": "polideportivo" }, "geometry": { "type": "Point", "coordinates": [ -3.63371518083725, 40.382603622302817 ] } },
{ "type": "Feature", "properties": { "title": "Centro Deportivo Municipal Paseo de la Dirección", "link_href": "http://www.madrid.es/sites/v/index.jsp?vgnextchannel=bfa48ab43d6bb410VgnVCM100000171f5a0aRCRD&vgnextoid=161b2f93cea51910VgnVCM1000001d4a900aRCRD", "link_type": "text/html", "link_rel": "alternate", "id": 12453713, "content": "<p><a target=\"_blank\" href=\"http://www.madrid.es/sites/v/index.jsp?vgnextchannel=bfa48ab43d6bb410VgnVCM100000171f5a0aRCRD&vgnextoid=161b2f93cea51910VgnVCM1000001d4a900aRCRD\" >www.madrid.es</a></p>", "content_type": "html", "category_scheme": "$", "category_term": "https://datos.madrid.es/egob/kos/entidadesYorganismos/CentrosEspaciosDeporte/Gimnasios", "tipo_refugio": "polideportivo" }, "geometry": { "type": "Point", "coordinates": [ -3.706806505404298, 40.462319557096045 ] } },
{ "type": "Feature", "properties": { "title": "Centro Deportivo Municipal Pepu Hernández", "link_href": "http://www.madrid.es/sites/v/index.jsp?vgnextchannel=bfa48ab43d6bb410VgnVCM100000171f5a0aRCRD&vgnextoid=f86186e9a3624110VgnVCM1000000b205a0aRCRD", "link_type": "text/html", "link_rel": "alternate", "id": 4622991, "content": "<p><a target=\"_blank\" href=\"http://www.madrid.es/sites/v/index.jsp?vgnextchannel=bfa48ab43d6bb410VgnVCM100000171f5a0aRCRD&vgnextoid=f86186e9a3624110VgnVCM1000000b205a0aRCRD\" >www.madrid.es</a></p>", "content_type": "html", "category_scheme": "$", "category_term": "https://datos.madrid.es/egob/kos/entidadesYorganismos/CentrosEspaciosDeporte/Gimnasios", "tipo_refugio": "polideportivo" }, "geometry": { "type": "Point", "coordinates": [ -3.606311072744069, 40.427638426615623 ] } },
{ "type": "Feature", "properties": { "title": "Centro Deportivo Municipal Peñagrande GoFit", "link_href": "http://www.madrid.es/sites/v/index.jsp?vgnextchannel=bfa48ab43d6bb410VgnVCM100000171f5a0aRCRD&vgnextoid=6b2456babc1c1610VgnVCM1000001d4a900aRCRD", "link_type": "text/html", "link_rel": "alternate", "id": 10630252, "content": "<p><a target=\"_blank\" href=\"http://www.madrid.es/sites/v/index.jsp?vgnextchannel=bfa48ab43d6bb410VgnVCM100000171f5a0aRCRD&vgnextoid=6b2456babc1c1610VgnVCM1000001d4a900aRCRD\" >www.madrid.es</a></p>", "content_type": "html", "category_scheme": "$", "category_term": "https://datos.madrid.es/egob/kos/entidadesYorganismos/CentrosEspaciosDeporte/Gimnasios", "tipo_refugio": "polideportivo" }, "geometry": { "type": "Point", "coordinates": [ -3.717566523014736, 40.476792184653526 ] } },
{ "type": "Feature", "properties": { "title": "Centro Deportivo Municipal Peñuelas", "link_href": "http://www.madrid.es/sites/v/index.jsp?vgnextchannel=bfa48ab43d6bb410VgnVCM100000171f5a0aRCRD&vgnextoid=6c5a42be9971c010VgnVCM1000000b205a0aRCRD", "link_type": "text/html", "link_rel": "alternate", "id": 4727, "content": "<p><a target=\"_blank\" href=\"http://www.madrid.es/sites/v/index.jsp?vgnextchannel=bfa48ab43d6bb410VgnVCM100000171f5a0aRCRD&vgnextoid=6c5a42be9971c010VgnVCM1000000b205a0aRCRD\" >www.madrid.es</a></p>", "content_type": "html", "category_scheme": "$", "category_term": "https://datos.madrid.es/egob/kos/entidadesYorganismos/CentrosEspaciosDeporte/Piscinas", "tipo_refugio": "polideportivo" }, "geometry": { "type": "Point", "coordinates": [ -3.704959759845779, 40.398655323406643 ] } },
{ "type": "Feature", "properties": { "title": "Centro Deportivo Municipal Plata y Castañar", "link_href": "http://www.madrid.es/sites/v/index.jsp?vgnextchannel=bfa48ab43d6bb410VgnVCM100000171f5a0aRCRD&vgnextoid=858e79262ef5d010VgnVCM1000000b205a0aRCRD", "link_type": "text/html", "link_rel": "alternate", "id": 4719, "content": "<p><a target=\"_blank\" href=\"http://www.madrid.es/sites/v/index.jsp?vgnextchannel=bfa48ab43d6bb410VgnVCM100000171f5a0aRCRD&vgnextoid=858e79262ef5d010VgnVCM1000000b205a0aRCRD\" >www.madrid.es</a></p>", "content_type": "html", "category_scheme": "$", "category_term": "https://datos.madrid.es/egob/kos/entidadesYorganismos/CentrosEspaciosDeporte/Gimnasios", "tipo_refugio": "polideportivo" }, "geometry": { "type": "Point", "coordinates": [ -3.717841307320286, 40.349989973480781 ] } },
{ "type": "Feature", "properties": { "title": "Centro Deportivo Municipal Playa Victoria", "link_href": "http://www.madrid.es/sites/v/index.jsp?vgnextchannel=bfa48ab43d6bb410VgnVCM100000171f5a0aRCRD&vgnextoid=c77e0a47f441f010VgnVCM2000000c205a0aRCRD", "link_type": "text/html", "link_rel": "alternate", "id": 4718, "content": "<p>Cierre completo del centro    Días 24, 25 y 31 de diciembre, 1 de enero y 1 de mayo. Del 1 al 31 de agosto ambos inclusive. Festivos cerrado.</p><p><a target=\"_blank\" href=\"http://www.madrid.es/sites/v/index.jsp?vgnextchannel=bfa48ab43d6bb410VgnVCM100000171f5a0aRCRD&vgnextoid=c77e0a47f441f010VgnVCM2000000c205a0aRCRD\" >www.madrid.es</a></p>", "content_type": "html", "category_scheme": "$", "category_term": "https://datos.madrid.es/egob/kos/entidadesYorganismos/CentrosEspaciosDeporte/Gimnasios", "tipo_refugio": "polideportivo" }, "geometry": { "type": "Point", "coordinates": [ -3.702113698842257, 40.459276347220403 ] } },
{ "type": "Feature", "properties": { "title": "Centro Deportivo Municipal Plaza de la Cebada", "link_href": "http://www.madrid.es/sites/v/index.jsp?vgnextchannel=bfa48ab43d6bb410VgnVCM100000171f5a0aRCRD&vgnextoid=b52f49ccf35d3810VgnVCM1000001d4a900aRCRD", "link_type": "text/html", "link_rel": "alternate", "id": 11820127, "content": "<p>Si estás interesado/a en realizar cursos en nuestro centro: tienes hasta el 23 de octubre incluido para venir presencialmente a la instalación a hacer la preinscripción y, así, participar en el sorteo de adjudicación de plazas. Tambien puedes hacerlo a través de este enlace Apúntate. Entre el 25 y el 31 de octubre (ambos incluidos), contactaremos directamente con las personas seleccionadas en el sorteo para que puedan realizar la inscripción definitiva.</p><p><a target=\"_blank\" href=\"http://www.madrid.es/sites/v/index.jsp?vgnextchannel=bfa48ab43d6bb410VgnVCM100000171f5a0aRCRD&vgnextoid=b52f49ccf35d3810VgnVCM1000001d4a900aRCRD\" >www.madrid.es</a></p>", "content_type": "html", "category_scheme": "$", "category_term": "https://datos.madrid.es/egob/kos/entidadesYorganismos/CentrosEspaciosDeporte/Gimnasios", "tipo_refugio": "polideportivo" }, "geometry": { "type": "Point", "coordinates": [ -3.70940146763504, 40.410546084176566 ] } },
{ "type": "Feature", "properties": { "title": "Centro Deportivo Municipal Pradillo", "link_href": "http://www.madrid.es/sites/v/index.jsp?vgnextchannel=bfa48ab43d6bb410VgnVCM100000171f5a0aRCRD&vgnextoid=2cae79262ef5d010VgnVCM1000000b205a0aRCRD", "link_type": "text/html", "link_rel": "alternate", "id": 4701, "content": "<p>Señalización podotáctil sólo en el edificio de la piscina.</p><p><a target=\"_blank\" href=\"http://www.madrid.es/sites/v/index.jsp?vgnextchannel=bfa48ab43d6bb410VgnVCM100000171f5a0aRCRD&vgnextoid=2cae79262ef5d010VgnVCM1000000b205a0aRCRD\" >www.madrid.es</a></p>", "content_type": "html", "category_scheme": "$", "category_term": "https://datos.madrid.es/egob/kos/entidadesYorganismos/CentrosEspaciosDeporte/Gimnasios", "tipo_refugio": "polideportivo" }, "geometry": { "type": "Point", "coordinates": [ -3.671618277009419, 40.449106226267389 ] } },
{ "type": "Feature", "properties": { "title": "Centro Deportivo Municipal Pueblo Nuevo", "link_href": "http://www.madrid.es/sites/v/index.jsp?vgnextchannel=bfa48ab43d6bb410VgnVCM100000171f5a0aRCRD&vgnextoid=a5fa42be9971c010VgnVCM1000000b205a0aRCRD", "link_type": "text/html", "link_rel": "alternate", "id": 4720, "content": "<p><a target=\"_blank\" href=\"http://www.madrid.es/sites/v/index.jsp?vgnextchannel=bfa48ab43d6bb410VgnVCM100000171f5a0aRCRD&vgnextoid=a5fa42be9971c010VgnVCM1000000b205a0aRCRD\" >www.madrid.es</a></p>", "content_type": "html", "category_scheme": "$", "category_term": "https://datos.madrid.es/egob/kos/entidadesYorganismos/CentrosEspaciosDeporte/Gimnasios", "tipo_refugio": "polideportivo" }, "geometry": { "type": "Point", "coordinates": [ -3.638536354805483, 40.430032401586253 ] } },
{ "type": "Feature", "properties": { "title": "Centro Deportivo Municipal Raúl González", "link_href": "http://www.madrid.es/sites/v/index.jsp?vgnextchannel=bfa48ab43d6bb410VgnVCM100000171f5a0aRCRD&vgnextoid=c2de79262ef5d010VgnVCM1000000b205a0aRCRD", "link_type": "text/html", "link_rel": "alternate", "id": 106242, "content": "<p>Deportes practicables Baloncesto - Balonmano - Fútbol Sala - Natación - Voleibol  Uso de espacios deportivos Pabellón - Piscina  Enseñanzas DeportivasEscuelas Pre-Infantiles (3 a 5 años): Matronatación - Natación peques Escuelas infantiles (6 a 14 años, según modalidades): Fútbol Sala - Natación - Predeporte Clases para jóvenes (de 15 a 21 años): Natación  Clases para jóvenes y adultos (15 a 64 años): Acondicionamiento físico deportivo - Acuagim - Ciclo sala - Combinada (Acondicionamiento/ GAP) - Entrenamiento en circuito - GAP (Glúteos, Abdomen y Piernas) - Natación - Natación de compensación - Pilates - Tonificación - Yoga (iniciación) Actividades para Mayores de 65 años: Actividad Física - Gimnasia Acuática - Natación Actividades para Personas con discapacidad física: Natación (infantiles y adultos)  Servicio de Medicina deportiva: Psicomotricidad infantil</p><p><a target=\"_blank\" href=\"http://www.madrid.es/sites/v/index.jsp?vgnextchannel=bfa48ab43d6bb410VgnVCM100000171f5a0aRCRD&vgnextoid=c2de79262ef5d010VgnVCM1000000b205a0aRCRD\" >www.madrid.es</a></p>", "content_type": "html", "category_scheme": "$", "category_term": "https://datos.madrid.es/egob/kos/entidadesYorganismos/CentrosEspaciosDeporte/Gimnasios", "tipo_refugio": "polideportivo" }, "geometry": { "type": "Point", "coordinates": [ -3.684337728806363, 40.346220026067044 ] } },
{ "type": "Feature", "properties": { "title": "Centro Deportivo Municipal San Blas", "link_href": "http://www.madrid.es/sites/v/index.jsp?vgnextchannel=bfa48ab43d6bb410VgnVCM100000171f5a0aRCRD&vgnextoid=424b42be9971c010VgnVCM1000000b205a0aRCRD", "link_type": "text/html", "link_rel": "alternate", "id": 4689, "content": "<p><a target=\"_blank\" href=\"http://www.madrid.es/sites/v/index.jsp?vgnextchannel=bfa48ab43d6bb410VgnVCM100000171f5a0aRCRD&vgnextoid=424b42be9971c010VgnVCM1000000b205a0aRCRD\" >www.madrid.es</a></p>", "content_type": "html", "category_scheme": "$", "category_term": "https://datos.madrid.es/egob/kos/entidadesYorganismos/CentrosEspaciosDeporte/Gimnasios", "tipo_refugio": "polideportivo" }, "geometry": { "type": "Point", "coordinates": [ -3.611315512190943, 40.428816222813374 ] } },
{ "type": "Feature", "properties": { "title": "Centro Deportivo Municipal San Cristóbal", "link_href": "http://www.madrid.es/sites/v/index.jsp?vgnextchannel=bfa48ab43d6bb410VgnVCM100000171f5a0aRCRD&vgnextoid=69fe79262ef5d010VgnVCM1000000b205a0aRCRD", "link_type": "text/html", "link_rel": "alternate", "id": 4686, "content": "<p><a target=\"_blank\" href=\"http://www.madrid.es/sites/v/index.jsp?vgnextchannel=bfa48ab43d6bb410VgnVCM100000171f5a0aRCRD&vgnextoid=69fe79262ef5d010VgnVCM1000000b205a0aRCRD\" >www.madrid.es</a></p>", "content_type": "html", "category_scheme": "$", "category_term": "https://datos.madrid.es/egob/kos/entidadesYorganismos/CentrosEspaciosDeporte/Gimnasios", "tipo_refugio": "polideportivo" }, "geometry": { "type": "Point", "coordinates": [ -3.691448738050884, 40.342673170994949 ] } },
{ "type": "Feature", "properties": { "title": "Centro Deportivo Municipal San Fermín", "link_href": "http://www.madrid.es/sites/v/index.jsp?vgnextchannel=bfa48ab43d6bb410VgnVCM100000171f5a0aRCRD&vgnextoid=ee8b42be9971c010VgnVCM1000000b205a0aRCRD", "link_type": "text/html", "link_rel": "alternate", "id": 4692, "content": "<p><a target=\"_blank\" href=\"http://www.madrid.es/sites/v/index.jsp?vgnextchannel=bfa48ab43d6bb410VgnVCM100000171f5a0aRCRD&vgnextoid=ee8b42be9971c010VgnVCM1000000b205a0aRCRD\" >www.madrid.es</a></p>", "content_type": "html", "category_scheme": "$", "category_term": "https://datos.madrid.es/egob/kos/entidadesYorganismos/CentrosEspaciosDeporte/Piscinas", "tipo_refugio": "polideportivo" }, "geometry": { "type": "Point", "coordinates": [ -3.692701024144295, 40.375305774212912 ] } },
{ "type": "Feature", "properties": { "title": "Centro Deportivo Municipal San Juan Bautista", "link_href": "http://www.madrid.es/sites/v/index.jsp?vgnextchannel=bfa48ab43d6bb410VgnVCM100000171f5a0aRCRD&vgnextoid=35bb42be9971c010VgnVCM1000000b205a0aRCRD", "link_type": "text/html", "link_rel": "alternate", "id": 4679, "content": "<p><a target=\"_blank\" href=\"http://www.madrid.es/sites/v/index.jsp?vgnextchannel=bfa48ab43d6bb410VgnVCM100000171f5a0aRCRD&vgnextoid=35bb42be9971c010VgnVCM1000000b205a0aRCRD\" >www.madrid.es</a></p>", "content_type": "html", "category_scheme": "$", "category_term": "https://datos.madrid.es/egob/kos/entidadesYorganismos/CentrosEspaciosDeporte/Gimnasios", "tipo_refugio": "polideportivo" }, "geometry": { "type": "Point", "coordinates": [ -3.658571179746684, 40.448649763160539 ] } },
{ "type": "Feature", "properties": { "title": "Centro Deportivo Municipal Santa Ana", "link_href": "http://www.madrid.es/sites/v/index.jsp?vgnextchannel=bfa48ab43d6bb410VgnVCM100000171f5a0aRCRD&vgnextoid=8bdb42be9971c010VgnVCM1000000b205a0aRCRD", "link_type": "text/html", "link_rel": "alternate", "id": 4706, "content": "<p><a target=\"_blank\" href=\"http://www.madrid.es/sites/v/index.jsp?vgnextchannel=bfa48ab43d6bb410VgnVCM100000171f5a0aRCRD&vgnextoid=8bdb42be9971c010VgnVCM1000000b205a0aRCRD\" >www.madrid.es</a></p>", "content_type": "html", "category_scheme": "$", "category_term": "https://datos.madrid.es/egob/kos/entidadesYorganismos/CentrosEspaciosDeporte/CamposEstadiosFutbol", "tipo_refugio": "polideportivo" }, "geometry": { "type": "Point", "coordinates": [ -3.696358010199944, 40.498094693154471 ] } },
{ "type": "Feature", "properties": { "title": "Centro Deportivo Municipal Tenis Casa de Campo", "link_href": "http://www.madrid.es/sites/v/index.jsp?vgnextchannel=bfa48ab43d6bb410VgnVCM100000171f5a0aRCRD&vgnextoid=1ac06f065851c010VgnVCM2000000c205a0aRCRD", "link_type": "text/html", "link_rel": "alternate", "id": 28525, "content": "<p><a target=\"_blank\" href=\"http://www.madrid.es/sites/v/index.jsp?vgnextchannel=bfa48ab43d6bb410VgnVCM100000171f5a0aRCRD&vgnextoid=1ac06f065851c010VgnVCM2000000c205a0aRCRD\" >www.madrid.es</a></p>", "content_type": "html", "category_scheme": "$", "category_term": "https://datos.madrid.es/egob/kos/entidadesYorganismos/CentrosEspaciosDeporte/PistasTenisBadminton", "tipo_refugio": "polideportivo" }, "geometry": { "type": "Point", "coordinates": [ -3.735739625664774, 40.421436625700565 ] } },
{ "type": "Feature", "properties": { "title": "Centro Deportivo Municipal Triángulo de Oro", "link_href": "http://www.madrid.es/sites/v/index.jsp?vgnextchannel=bfa48ab43d6bb410VgnVCM100000171f5a0aRCRD&vgnextoid=002f79262ef5d010VgnVCM1000000b205a0aRCRD", "link_type": "text/html", "link_rel": "alternate", "id": 4684, "content": "<p><a target=\"_blank\" href=\"http://www.madrid.es/sites/v/index.jsp?vgnextchannel=bfa48ab43d6bb410VgnVCM100000171f5a0aRCRD&vgnextoid=002f79262ef5d010VgnVCM1000000b205a0aRCRD\" >www.madrid.es</a></p>", "content_type": "html", "category_scheme": "$", "category_term": "https://datos.madrid.es/egob/kos/entidadesYorganismos/CentrosEspaciosDeporte/Gimnasios", "tipo_refugio": "polideportivo" }, "geometry": { "type": "Point", "coordinates": [ -3.692820837825581, 40.465125192386239 ] } },
{ "type": "Feature", "properties": { "title": "Centro Deportivo Municipal Vallecas Verano", "link_href": "http://www.madrid.es/sites/v/index.jsp?vgnextchannel=bfa48ab43d6bb410VgnVCM100000171f5a0aRCRD&vgnextoid=282c42be9971c010VgnVCM1000000b205a0aRCRD", "link_type": "text/html", "link_rel": "alternate", "id": 4677, "content": "<p><a target=\"_blank\" href=\"http://www.madrid.es/sites/v/index.jsp?vgnextchannel=bfa48ab43d6bb410VgnVCM100000171f5a0aRCRD&vgnextoid=282c42be9971c010VgnVCM1000000b205a0aRCRD\" >www.madrid.es</a></p>", "content_type": "html", "category_scheme": "$", "category_term": "https://datos.madrid.es/egob/kos/entidadesYorganismos/CentrosEspaciosDeporte/Piscinas", "tipo_refugio": "polideportivo" }, "geometry": { "type": "Point", "coordinates": [ -3.657213682860775, 40.390368919782446 ] } },
{ "type": "Feature", "properties": { "title": "Centro Deportivo Municipal Vallehermoso GoFit", "link_href": "http://www.madrid.es/sites/v/index.jsp?vgnextchannel=bfa48ab43d6bb410VgnVCM100000171f5a0aRCRD&vgnextoid=28906e8a84805410VgnVCM2000000c205a0aRCRD", "link_type": "text/html", "link_rel": "alternate", "id": 7411340, "content": "<p><a target=\"_blank\" href=\"http://www.madrid.es/sites/v/index.jsp?vgnextchannel=bfa48ab43d6bb410VgnVCM100000171f5a0aRCRD&vgnextoid=28906e8a84805410VgnVCM2000000c205a0aRCRD\" >www.madrid.es</a></p>", "content_type": "html", "category_scheme": "$", "category_term": "https://datos.madrid.es/egob/kos/entidadesYorganismos/CentrosEspaciosDeporte/Gimnasios", "tipo_refugio": "polideportivo" }, "geometry": { "type": "Point", "coordinates": [ -3.709053489027435, 40.44064843863945 ] } },
{ "type": "Feature", "properties": { "title": "Centro Deportivo Municipal Vicente del Bosque", "link_href": "http://www.madrid.es/sites/v/index.jsp?vgnextchannel=bfa48ab43d6bb410VgnVCM100000171f5a0aRCRD&vgnextoid=e156b0c40971c010VgnVCM1000000b205a0aRCRD", "link_type": "text/html", "link_rel": "alternate", "id": 4699, "content": "<p><a target=\"_blank\" href=\"http://www.madrid.es/sites/v/index.jsp?vgnextchannel=bfa48ab43d6bb410VgnVCM100000171f5a0aRCRD&vgnextoid=e156b0c40971c010VgnVCM1000000b205a0aRCRD\" >www.madrid.es</a></p>", "content_type": "html", "category_scheme": "$", "category_term": "https://datos.madrid.es/egob/kos/entidadesYorganismos/CentrosEspaciosDeporte/Gimnasios", "tipo_refugio": "polideportivo" }, "geometry": { "type": "Point", "coordinates": [ -3.693540659747283, 40.478913594321298 ] } },
{ "type": "Feature", "properties": { "title": "Centro Deportivo Municipal Wilfred Agbonavbare", "link_href": "http://www.madrid.es/sites/v/index.jsp?vgnextchannel=bfa48ab43d6bb410VgnVCM100000171f5a0aRCRD&vgnextoid=2b7ee7510551c010VgnVCM2000000c205a0aRCRD", "link_type": "text/html", "link_rel": "alternate", "id": 49338, "content": "<p>Apertura para uso libre los fines de semana coincidentes con el calendario de actividades dirigidas para optimizar la presencia obligada de personal SOS durante los sábados y domingos lectivos, ampliando la oferta al nado libre.</p><p><a target=\"_blank\" href=\"http://www.madrid.es/sites/v/index.jsp?vgnextchannel=bfa48ab43d6bb410VgnVCM100000171f5a0aRCRD&vgnextoid=2b7ee7510551c010VgnVCM2000000c205a0aRCRD\" >www.madrid.es</a></p>", "content_type": "html", "category_scheme": "$", "category_term": "https://datos.madrid.es/egob/kos/entidadesYorganismos/CentrosEspaciosDeporte/Gimnasios", "tipo_refugio": "polideportivo" }, "geometry": { "type": "Point", "coordinates": [ -3.657159610241785, 40.371917325246514 ] } },
{ "type": "Feature", "properties": { "title": "Centro Deportivo Municipal Ángel Nieto", "link_href": "http://www.madrid.es/sites/v/index.jsp?vgnextchannel=bfa48ab43d6bb410VgnVCM100000171f5a0aRCRD&vgnextoid=fb1b42be9971c010VgnVCM1000000b205a0aRCRD", "link_type": "text/html", "link_rel": "alternate", "id": 4678, "content": "<p><a target=\"_blank\" href=\"http://www.madrid.es/sites/v/index.jsp?vgnextchannel=bfa48ab43d6bb410VgnVCM100000171f5a0aRCRD&vgnextoid=fb1b42be9971c010VgnVCM1000000b205a0aRCRD\" >www.madrid.es</a></p>", "content_type": "html", "category_scheme": "$", "category_term": "https://datos.madrid.es/egob/kos/entidadesYorganismos/CentrosEspaciosDeporte/Gimnasios", "tipo_refugio": "polideportivo" }, "geometry": { "type": "Point", "coordinates": [ -3.659863602977587, 40.391461947078611 ] } },
{ "type": "Feature", "properties": { "title": "Instalación Deportiva Municipal Básica Parque de la Vicalvarada", "link_href": "http://www.madrid.es/sites/v/index.jsp?vgnextchannel=bfa48ab43d6bb410VgnVCM100000171f5a0aRCRD&vgnextoid=9b1fdec5c4961110VgnVCM1000000b205a0aRCRD", "link_type": "text/html", "link_rel": "alternate", "id": 4541767, "content": "<p><a target=\"_blank\" href=\"http://www.madrid.es/sites/v/index.jsp?vgnextchannel=bfa48ab43d6bb410VgnVCM100000171f5a0aRCRD&vgnextoid=9b1fdec5c4961110VgnVCM1000000b205a0aRCRD\" >www.madrid.es</a></p>", "content_type": "html", "category_scheme": "$", "category_term": "https://datos.madrid.es/egob/kos/entidadesYorganismos/CentrosEspaciosDeporte/CamposEstadiosFutbol", "tipo_refugio": "polideportivo" }, "geometry": { "type": "Point", "coordinates": [ -3.607616723630345, 40.410793518960631 ] } },
{ "type": "Feature", "properties": { "title": "Instalación Deportiva Municipal Básica Victoria Hernández", "link_href": "http://www.madrid.es/sites/v/index.jsp?vgnextchannel=bfa48ab43d6bb410VgnVCM100000171f5a0aRCRD&vgnextoid=e9375cb6b2971110VgnVCM1000000b205a0aRCRD", "link_type": "text/html", "link_rel": "alternate", "id": 4544562, "content": "<p>Consulta más información de la instalación en el siguiente enlace</p><p><a target=\"_blank\" href=\"http://www.madrid.es/sites/v/index.jsp?vgnextchannel=bfa48ab43d6bb410VgnVCM100000171f5a0aRCRD&vgnextoid=e9375cb6b2971110VgnVCM1000000b205a0aRCRD\" >www.madrid.es</a></p>", "content_type": "html", "category_scheme": "$", "category_term": "https://datos.madrid.es/egob/kos/entidadesYorganismos/CentrosEspaciosDeporte/CamposEstadiosFutbol", "tipo_refugio": "polideportivo" }, "geometry": { "type": "Point", "coordinates": [ -3.686214416479886, 40.360605521711342 ] } }
]
}
